Name,playerid,Team,Pos,ExpectedPM,height,weight,z_score,BMI,combined_data,label
Alexander Radulov,radulal01,DAL,RW,13.6,73,201,3.2692844144471156,26.51585663351473,3.26928441444712_73_201_26.5158566335147,10
John Klingberg,klingjo01,DAL,D,12.6,74,177,3.024433028719696,22.722972972972972,3.0244330287197_74_177_22.722972972973,9
Jamie Benn,bennja01,DAL,LW,12,74,209,2.8775221972832448,26.83108108108108,2.87752219728324_74_209_26.8310810810811,9
Dougie Hamilton,hamildo01,CGY,D,11.8,78,210,2.8285519201377607,24.265285996055226,2.82855192013776_78_210_24.2652859960552,9
Sidney Crosby,crosbsi01,PIT,C,11.3,71,200,2.7061262272740514,27.891291410434437,2.70612622727405_71_200_27.8912914104344,9
Patric Hornqvist,hornqpa01,PIT,RW,10.8,71,189,2.5837005344103416,26.357270382860545,2.58370053441034_71_189_26.3572703828605,8
Zdeno Chara,charazd01,BOS,D,10.4,81,250,2.485759980119374,26.787075140984605,2.48575998011937_81_250_26.7870751409846,8
Connor McDavid,mcdavco01,EDM,C,9.4,73,192,2.2409085943919544,25.328579470820042,2.24090859439195_73_192_25.32857947082,8
Patrice Bergeron,bergepa01,BOS,C,9.4,73,195,2.2409085943919544,25.724338525051603,2.24090859439195_73_195_25.7243385250516,8
Sean Monahan,monahse01,CGY,C,9.3,75,195,2.2164234558192124,24.370666666666665,2.21642345581921_75_195_24.3706666666667,8
Noah Hanifin,hanifno01,CAR,D,9.2,75,206,2.1919383172464704,25.74542222222222,2.19193831724647_75_206_25.7454222222222,8
Danton Heinen,heineda01,BOS,C,9.1,73,185,2.1674531786737283,24.40514167761306,2.16745317867373_73_185_24.4051416776131,8
Charlie McAvoy,mcavoch01,BOS,D,8.7,72,208,2.0695126243827606,28.20679012345679,2.06951262438276_72_208_28.2067901234568,8
Esa Lindell,lindees01,DAL,D,8.7,75,213,2.0695126243827606,26.620266666666666,2.06951262438276_75_213_26.6202666666667,8
Adam Lowry,lowryad01,WPG,C,8.7,77,210,2.0695126243827606,24.899645808736718,2.06951262438276_77_210_24.8996458087367,8
William Karlsson,karlswi01,VEG,C,8.5,73,189,2.020542347237277,24.932820416588477,2.02054234723728_73_189_24.9328204165885,8
Mikael Granlund,granlmi01,MIN,RW,8.3,70,185,1.9715720700917934,26.541836734693877,1.97157207009179_70_185_26.5418367346939,7
Mitch Marner,marnemi01,TOR,C,8.2,72,175,1.9470869315190513,23.73167438271605,1.94708693151905_72_175_23.7316743827161,7
Mark Giordano,giordma01,CGY,D,8.2,72,198,1.9470869315190513,26.850694444444443,1.94708693151905_72_198_26.8506944444444,7
Brandon Carlo,carlobr01,BOS,D,8.2,77,208,1.9470869315190513,24.66250632484399,1.94708693151905_77_208_24.662506324844,7
Jonathan Huberdeau,huberjo01,FLA,LW,8.1,73,188,1.9226017929463093,24.800900731844624,1.92260179294631_73_188_24.8009007318446,7
Trevor van Riemsdyk,vanritr01,CAR,D,8,74,188,1.8981166543735675,24.135135135135137,1.89811665437357_74_188_24.1351351351351,7
Evgeni Dadonov,dadonev01,FLA,RW,7.8,71,185,1.8491463772280836,25.799444554651856,1.84914637722808_71_185_25.7994445546519,7
Jon Marchessault,audymjo01,VEG,C,7.7,69,174,1.8246612386553418,25.692501575299307,1.82466123865534_69_174_25.6925015752993,7
Mathieu Perreault,perrema01,WPG,C,7.7,70,188,1.8246612386553418,26.972244897959182,1.82466123865534_70_188_26.9722448979592,7
Jason Zucker,zuckeja01,MIN,LW,7.6,71,187,1.8001761000825998,26.0783574687562,1.8001761000826_71_187_26.0783574687562,7
Andrew Copp,coppan01,WPG,C,7.4,73,206,1.7512058229371161,27.175455057234004,1.75120582293712_73_206_27.175455057234,7
Zach Werenski,werenza01,CBJ,D,7.4,74,209,1.7512058229371161,26.83108108108108,1.75120582293712_74_209_26.8310810810811,7
Brandon Tanev,tanevbr01,WPG,LW,7.3,72,180,1.7267206843643739,24.40972222222222,1.72672068436437_72_180_24.4097222222222,7
Brad Marchand,marchbr03,BOS,LW,7.2,69,181,1.702235545791632,26.726107960512497,1.70223554579163_69_181_26.7261079605125,7
Pierre-Luc Dubois,duboipi01,CBJ,LW,7.1,75,207,1.67775040721889,25.8704,1.67775040721889_75_207_25.8704,7
Mikko Koivu,koivumi01,MIN,C,7.1,75,215,1.67775040721889,26.87022222222222,1.67775040721889_75_215_26.8702222222222,7
Auston Matthews,matthau01,TOR,C,7.1,75,216,1.67775040721889,26.9952,1.67775040721889_75_216_26.9952,7
Reilly Smith,smithre01,VEG,RW,7,72,185,1.6532652686461482,25.087770061728396,1.65326526864615_72_185_25.0877700617284,7
Jake Gardiner,gardija01,TOR,D,7,74,200,1.6532652686461482,25.675675675675677,1.65326526864615_74_200_25.6756756756757,7
Jordan Eberle,eberljo01,NYI,RW,6.9,71,187,1.6287801300734064,26.0783574687562,1.62878013007341_71_187_26.0783574687562,7
Colin Miller,milleco02,VEG,D,6.7,73,196,1.5798098529279225,25.85625820979546,1.57980985292792_73_196_25.8562582097955,7
Patrick Maroon,maroopa01,EDM,LW,6.7,75,225,1.5798098529279225,28.12,1.57980985292792_75_225_28.12,7
Johnny Gaudreau,gaudrjo01,CGY,LW,6.6,69,157,1.5553247143551805,23.18231463978156,1.55532471435518_69_157_23.1823146397816,7
Tomas Plekanec,plekato01,MTL,C,6.6,71,193,1.5553247143551805,26.915096211069233,1.55532471435518_71_193_26.9150962110692,7
Leon Draisaitl,draisle01,EDM,C,6.6,74,215,1.5553247143551805,27.60135135135135,1.55532471435518_74_215_27.6013513513514,7
Andrew Ladd,laddan01,NYI,LW,6.5,75,192,1.5308395757824387,23.995733333333334,1.53083957578244_75_192_23.9957333333333,7
Charles Hudon,hudonch01,MTL,LW,6.4,70,188,1.5063544372096966,26.972244897959182,1.5063544372097_70_188_26.9722448979592,7
Craig Smith,smithcr01,NSH,RW,6.4,73,208,1.5063544372096966,27.439294426721712,1.5063544372097_73_208_27.4392944267217,7
Taylor Hall,hallta02,NJD,LW,6.3,73,205,1.4818692986369546,27.043535372490147,1.48186929863695_73_205_27.0435353724901,7
Colton Parayko,parayco01,STL,D,6.3,78,230,1.4818692986369546,26.576265614727152,1.48186929863695_78_230_26.5762656147272,7
David Pastrnak,pastrda01,BOS,RW,6.2,72,188,1.4573841600642128,25.494598765432098,1.45738416006421_72_188_25.4945987654321,7
Tim Schaller,schalti01,BOS,C,6.2,74,210,1.4573841600642128,26.95945945945946,1.45738416006421_74_210_26.9594594594595,7
Matt Grzelcyk,grzelma01,BOS,D,6.1,69,174,1.4328990214914707,25.692501575299307,1.43289902149147_69_174_25.6925015752993,7
Kevin Labanc,labanke01,SJS,RW,6.1,71,185,1.4328990214914707,25.799444554651856,1.43289902149147_71_185_25.7994445546519,7
David Backes,backeda01,BOS,RW,6.1,75,221,1.4328990214914707,27.62008888888889,1.43289902149147_75_221_27.6200888888889,7
Kevin Fiala,fialake01,NSH,LW,6,70,193,1.408413882918729,27.689591836734692,1.40841388291873_70_193_27.6895918367347,7
Mikhail Sergachev,sergami01,TBL,D,6,75,215,1.408413882918729,26.87022222222222,1.40841388291873_75_215_26.8702222222222,7
Artemi Panarin,panarar01,CBJ,LW,5.9,71,168,1.3839287443459871,23.42868478476493,1.38392874434599_71_168_23.4286847847649,7
Riley Nash,nashri02,BOS,C,5.9,73,190,1.3839287443459871,25.064740101332333,1.38392874434599_73_190_25.0647401013323,7
Will Butcher,butchwi01,NJD,D,5.8,70,190,1.359443605773245,27.259183673469387,1.35944360577325_70_190_27.2591836734694,7
Derek Ryan,ryande01,CAR,C,5.8,71,170,1.359443605773245,23.70759769886927,1.35944360577325_71_170_23.7075976988693,7
Ondrej Palat,palaton01,TBL,LW,5.8,72,188,1.359443605773245,25.494598765432098,1.35944360577325_72_188_25.4945987654321,7
Vince Dunn,dunnvi02,STL,D,5.8,72,203,1.359443605773245,27.528742283950617,1.35944360577325_72_203_27.5287422839506,7
Victor Mete,metevi01,MTL,D,5.7,69,184,1.3349584672005033,27.169082125603865,1.3349584672005_69_184_27.1690821256039,7
Aleksander Barkov,barkoal01,FLA,C,5.7,75,213,1.3349584672005033,26.620266666666666,1.3349584672005_75_213_26.6202666666667,7
Jeff Skinner,skinnje01,CAR,LW,5.6,71,200,1.310473328627761,27.891291410434437,1.31047332862776_71_200_27.8912914104344,6
Mathew Barzal,barzama01,NYI,C,5.6,72,189,1.310473328627761,25.630208333333332,1.31047332862776_72_189_25.6302083333333,6
Justin Schultz,schulju01,PIT,D,5.6,74,193,1.310473328627761,24.777027027027028,1.31047332862776_74_193_24.777027027027,6
Jacob Trouba,troubja01,WPG,D,5.6,75,202,1.310473328627761,25.24551111111111,1.31047332862776_75_202_25.2455111111111,6
Jordan Staal,staaljo01,CAR,C,5.5,76,220,1.2859881900550192,26.776315789473685,1.28598819005502_76_220_26.7763157894737,6
Jaden Schwartz,schwaja01,STL,LW,5.4,70,190,1.2615030514822774,27.259183673469387,1.26150305148228_70_190_27.2591836734694,6
Ryan Nugent-Hopkins,nugenry01,EDM,C,5.4,72,191,1.2615030514822774,25.901427469135804,1.26150305148228_72_191_25.9014274691358,6
Tyler Seguin,seguity01,DAL,C,5.4,73,201,1.2615030514822774,26.51585663351473,1.26150305148228_73_201_26.5158566335147,6
Olli Maatta,maattol01,PIT,D,5.4,74,206,1.2615030514822774,26.445945945945947,1.26150305148228_74_206_26.4459459459459,6
Oscar Klefbom,klefbos01,EDM,D,5.3,75,215,1.2370179129095353,26.87022222222222,1.23701791290954_75_215_26.8702222222222,6
Radek Faksa,faksara01,DAL,C,5.3,75,216,1.2370179129095353,26.9952,1.23701791290954_75_216_26.9952,6
Brendan Gallagher,gallabr01,MTL,RW,5.2,69,181,1.2125327743367935,26.726107960512497,1.21253277433679_69_181_26.7261079605125,6
Alex Steen,steenal01,STL,LW,5.2,72,211,1.2125327743367935,28.613618827160494,1.21253277433679_72_211_28.6136188271605,6
Nate Schmidt,schmina01,VEG,D,5.2,73,194,1.2125327743367935,25.59241884030775,1.21253277433679_73_194_25.5924188403078,6
Brayden McNabb,mcnabbr01,VEG,D,5.2,76,212,1.2125327743367935,25.80263157894737,1.21253277433679_76_212_25.8026315789474,6
Brayden Point,pointbr01,TBL,C,5.1,70,166,1.1880476357640515,23.81591836734694,1.18804763576405_70_166_23.8159183673469,6
Markus Nutivaara,nutivma01,CBJ,D,5.1,73,191,1.1880476357640515,25.196659786076186,1.18804763576405_73_191_25.1966597860762,6
Dustin Brown,browndu01,LAK,RW,5,72,216,1.1635624971913097,29.291666666666668,1.16356249719131_72_216_29.2916666666667,6
Garnet Hathaway,hathaga01,CGY,RW,5,74,208,1.1635624971913097,26.7027027027027,1.16356249719131_74_208_26.7027027027027,6
Joel Armia,armiajo01,WPG,RW,5,75,205,1.1635624971913097,25.620444444444445,1.16356249719131_75_205_25.6204444444444,6
Justin Williams,williju01,CAR,RW,4.9,73,188,1.1390773586185678,24.800900731844624,1.13907735861857_73_188_24.8009007318446,6
Alex Killorn,killoal01,TBL,LW,4.9,73,196,1.1390773586185678,25.85625820979546,1.13907735861857_73_196_25.8562582097955,6
Seth Jones,jonesse01,CBJ,D,4.9,76,210,1.1390773586185678,25.55921052631579,1.13907735861857_76_210_25.5592105263158,6
Conor Sheary,shearco01,PIT,LW,4.8,68,175,1.1145922200458258,26.60575259515571,1.11459222004583_68_175_26.6057525951557,6
Damon Severson,severda01,NJD,D,4.8,74,205,1.1145922200458258,26.31756756756757,1.11459222004583_74_205_26.3175675675676,6
Kevan Miller,milleke03,BOS,D,4.8,74,210,1.1145922200458258,26.95945945945946,1.11459222004583_74_210_26.9594594594595,6
Sean Kuraly,kuralse01,BOS,C,4.8,74,213,1.1145922200458258,27.344594594594593,1.11459222004583_74_213_27.3445945945946,6
Tim Heed,heedti01,SJS,D,4.7,72,185,1.0901070814730838,25.087770061728396,1.09010708147308_72_185_25.0877700617284,6
Paul Stastny,stastpa01,STL,C,4.7,72,193,1.0901070814730838,26.172646604938272,1.09010708147308_72_193_26.1726466049383,6
Anze Kopitar,kopitan01,LAK,C,4.7,75,224,1.0901070814730838,27.99502222222222,1.09010708147308_75_224_27.9950222222222,6
Blake Coleman,colembl01,NJD,C,4.6,71,200,1.0656219429003417,27.891291410434437,1.06562194290034_71_200_27.8912914104344,6
Evander Kane,kaneev01,BUF,LW,4.6,74,212,1.0656219429003417,27.216216216216218,1.06562194290034_74_212_27.2162162162162,6
Torey Krug,krugto01,BOS,D,4.5,69,186,1.0411368043276,27.464398235664778,1.0411368043276_69_186_27.4643982356648,6
Carl Hagelin,hagelca01,PIT,LW,4.5,71,186,1.0411368043276,25.938901011704026,1.0411368043276_71_186_25.938901011704,6
Brock McGinn,mcginbr01,CAR,LW,4.5,72,185,1.0411368043276,25.087770061728396,1.0411368043276_72_185_25.0877700617284,6
Jared Spurgeon,spurgja01,MIN,D,4.4,69,168,1.016651665754858,24.80655324511657,1.01665166575486_69_168_24.8065532451166,6
Antoine Roussel,roussan01,DAL,LW,4.4,71,195,1.016651665754858,27.194009125173576,1.01665166575486_71_195_27.1940091251736,6
Phillip Danault,danauph01,MTL,LW,4.4,73,195,1.016651665754858,25.724338525051603,1.01665166575486_73_195_25.7243385250516,6
Sean Couturier,coutuse01,PHI,C,4.4,75,211,1.016651665754858,26.37031111111111,1.01665166575486_75_211_26.3703111111111,6
Ryan Murray,murrary01,CBJ,D,4.3,73,205,0.9921665271821161,27.043535372490147,0.992166527182116_73_205_27.0435353724901,6
Bobby Ryan,ryanbo01,OTT,RW,4.3,74,209,0.9921665271821161,26.83108108108108,0.992166527182116_74_209_26.8310810810811,6
Brayden Schenn,schenbr01,STL,C,4.2,73,200,0.9676813886093742,26.383936948770877,0.967681388609374_73_200_26.3839369487709,6
Max Pacioretty,pacioma01,MTL,LW,4.2,74,206,0.9676813886093742,26.445945945945947,0.967681388609374_74_206_26.4459459459459,6
Christian Fischer,fischch01,ARI,RW,4.2,74,214,0.9676813886093742,27.472972972972972,0.967681388609374_74_214_27.472972972973,6
Ben Chiarot,chiarbe01,WPG,D,4.2,75,219,0.9676813886093742,27.37013333333333,0.967681388609374_75_219_27.3701333333333,6
Robert Bortuzzo,borturo01,STL,D,4.2,76,216,0.9676813886093742,26.289473684210527,0.967681388609374_76_216_26.2894736842105,6
Victor Hedman,hedmavi01,TBL,D,4.2,78,223,0.9676813886093742,25.76742274819198,0.967681388609374_78_223_25.767422748192,6
Alex Tuch,tuchal01,VEG,RW,4.1,76,222,0.9431962500366321,27.019736842105264,0.943196250036632_76_222_27.0197368421053,6
Joonas Donskoi,donskjo01,SJS,RW,4,72,190,0.9187111114638903,25.765817901234566,0.91871111146389_72_190_25.7658179012346,6
Henrik Zetterberg,zettehe01,DET,LW,4,72,197,0.9187111114638903,26.71508487654321,0.91871111146389_72_197_26.7150848765432,6
Kris Letang,letankr01,PIT,D,4,72,201,0.9187111114638903,27.25752314814815,0.91871111146389_72_201_27.2575231481481,6
Dmitrij Jaskin,jaskidm01,STL,RW,4,74,216,0.9187111114638903,27.72972972972973,0.91871111146389_74_216_27.7297297297297,6
Michael Raffl,rafflmi01,PHI,LW,3.9,72,200,0.8942259728911484,27.121913580246915,0.894225972891148_72_200_27.1219135802469,6
Andreas Borgman,borgman01,TOR,D,3.9,72,212,0.8942259728911484,28.749228395061728,0.894225972891148_72_212_28.7492283950617,6
Zach Hyman,hymanza01,TOR,C,3.9,73,213,0.8942259728911484,28.098892850440983,0.894225972891148_73_213_28.098892850441,6
Matthew Tkachuk,tkachma01,CGY,LW,3.9,74,202,0.8942259728911484,25.93243243243243,0.894225972891148_74_202_25.9324324324324,6
Brandon Davidson,davidbr01,TOT,D,3.9,74,208,0.8942259728911484,26.7027027027027,0.894225972891148_74_208_26.7027027027027,6
Mika Zibanejad,zibanmi01,NYR,C,3.9,74,227,0.8942259728911484,29.14189189189189,0.894225972891148_74_227_29.1418918918919,6
Nazem Kadri,kadrina01,TOR,C,3.8,72,190,0.8697408343184064,25.765817901234566,0.869740834318406_72_190_25.7658179012346,6
Morgan Rielly,riellmo01,TOR,D,3.8,73,217,0.8697408343184064,28.6265715894164,0.869740834318406_73_217_28.6265715894164,6
Josh Anderson,anderjo05,CBJ,RW,3.8,75,221,0.8697408343184064,27.62008888888889,0.869740834318406_75_221_27.6200888888889,6
Darnell Nurse,nurseda01,EDM,D,3.8,76,221,0.8697408343184064,26.898026315789473,0.869740834318406_76_221_26.8980263157895,6
Paul Byron,byronpa01,MTL,LW,3.7,69,162,0.8452556957456645,23.920604914933836,0.845255695745665_69_162_23.9206049149338,6
Yanni Gourde,gourdya01,TBL,C,3.7,69,172,0.8452556957456645,25.397185465238394,0.845255695745665_69_172_25.3971854652384,6
Kyle Turris,turriky01,TOT,C,3.7,73,190,0.8452556957456645,25.064740101332333,0.845255695745665_73_190_25.0647401013323,6
Derick Brassard,brassde01,OTT,C,3.7,73,202,0.8452556957456645,26.647776318258586,0.845255695745665_73_202_26.6477763182586,6
Chris Tierney,tiernch01,SJS,C,3.6,73,195,0.8207705571729226,25.724338525051603,0.820770557172923_73_195_25.7243385250516,6
Shea Theodore,theodsh01,VEG,D,3.6,74,195,0.8207705571729226,25.033783783783782,0.820770557172923_74_195_25.0337837837838,6
Pavel Zacha,zachapa01,NJD,C,3.6,75,210,0.8207705571729226,26.245333333333335,0.820770557172923_75_210_26.2453333333333,6
Connor Murphy,murphco02,CHI,D,3.6,76,212,0.8207705571729226,25.80263157894737,0.820770557172923_76_212_25.8026315789474,6
Artturi Lehkonen,lehkoar01,MTL,LW,3.5,72,183,0.79628541860018065,24.816550925925927,0.796285418600181_72_183_24.8165509259259,6
Timo Meier,meierti01,SJS,RW,3.5,72,215,0.79628541860018065,29.156057098765434,0.796285418600181_72_215_29.1560570987654,6
Patrick Marleau,marlepa01,TOR,LW,3.5,74,215,0.79628541860018065,27.60135135135135,0.796285418600181_74_215_27.6013513513514,6
Connor Carrick,carrico01,TOR,D,3.4,70,192,0.7718002800274387,27.54612244897959,0.771800280027439_70_192_27.5461224489796,6
Tyler Bozak,bozakty01,TOR,C,3.4,73,199,0.7718002800274387,26.25201726402702,0.771800280027439_73_199_26.252017264027,6
Stefan Noesen,noesest01,NJD,RW,3.4,73,205,0.7718002800274387,27.043535372490147,0.771800280027439_73_205_27.0435353724901,6
Jesper Bratt,brattje01,NJD,LW,3.3,70,175,0.7473151414546967,25.107142857142858,0.747315141454697_70_175_25.1071428571429,6
Elias Lindholm,lindhel01,CAR,C,3.3,73,192,0.7473151414546967,25.328579470820042,0.747315141454697_73_192_25.32857947082,6
Steven Stamkos,stamkst01,TBL,C,3.3,73,194,0.7473151414546967,25.59241884030775,0.747315141454697_73_194_25.5924188403078,6
Shea Weber,webersh01,MTL,D,3.3,76,230,0.7473151414546967,27.99342105263158,0.747315141454697_76_230_27.9934210526316,6
Ryan Callahan,callary01,TBL,RW,3.2,70,187,0.7228300028819549,26.828775510204082,0.722830002881955_70_187_26.8287755102041,6
Alexander Wennberg,wennbal01,CBJ,C,3.2,74,196,0.7228300028819549,25.16216216216216,0.722830002881955_74_196_25.1621621621622,6
Rick Nash,nashri01,NYR,RW,3.2,76,211,0.7228300028819549,25.68092105263158,0.722830002881955_76_211_25.6809210526316,6
Jesse Puljujarvi,puljuje01,EDM,RW,3.2,76,211,0.7228300028819549,25.68092105263158,0.722830002881955_76_211_25.6809210526316,6
Noel Acciari,acciano01,BOS,C,3.1,70,208,0.6983448643092129,29.841632653061225,0.698344864309213_70_208_29.8416326530612,6
Andrew Shaw,shawan01,MTL,RW,3.1,71,182,0.6983448643092129,25.381075183495337,0.698344864309213_71_182_25.3810751834953,6
Nico Hischier,hischni01,NJD,C,3.1,73,175,0.6983448643092129,23.085944830174515,0.698344864309213_73_175_23.0859448301745,6
Brandon Saad,saadbr01,CHI,LW,3.1,73,206,0.6983448643092129,27.175455057234004,0.698344864309213_73_206_27.175455057234,6
Jonathan Toews,toewsjo01,CHI,C,3.1,74,201,0.6983448643092129,25.804054054054053,0.698344864309213_74_201_25.8040540540541,6
Lance Bouma,boumala01,CHI,LW,3.1,74,208,0.6983448643092129,26.7027027027027,0.698344864309213_74_208_26.7027027027027,6
Jake Dotchin,dotchja01,TBL,D,3.1,75,210,0.6983448643092129,26.245333333333335,0.698344864309213_75_210_26.2453333333333,6
Brendan Leipsic,leipsbr01,VEG,LW,3,70,180,0.673859725736471,25.824489795918367,0.673859725736471_70_180_25.8244897959184,5
Drew Doughty,doughdr01,LAK,D,3,73,200,0.673859725736471,26.383936948770877,0.673859725736471_73_200_26.3839369487709,5
Matt Martin,martima02,TOR,LW,3,75,220,0.673859725736471,27.49511111111111,0.673859725736471_75_220_27.4951111111111,5
Brent Seabrook,seabrbr01,CHI,D,3,75,220,0.673859725736471,27.49511111111111,0.673859725736471_75_220_27.4951111111111,5
Mark Stone,stonema01,OTT,RW,3,76,219,0.673859725736471,26.654605263157894,0.673859725736471_76_219_26.6546052631579,5
Anton Stralman,stralan01,TBL,D,2.9,71,190,0.649374587163729,26.496726839912714,0.649374587163729_71_190_26.4967268399127,5
Evgeni Malkin,malkiev01,PIT,C,2.9,75,195,0.649374587163729,24.370666666666665,0.649374587163729_75_195_24.3706666666667,5
Gustav Olofsson,olofsgu01,MIN,D,2.9,75,196,0.649374587163729,24.495644444444444,0.649374587163729_75_196_24.4956444444444,5
Gemel Smith,smithge02,DAL,C,2.8,70,190,0.624889448590987,27.259183673469387,0.624889448590987_70_190_27.2591836734694,5
James Neal,nealja01,VEG,LW,2.8,74,221,0.624889448590987,28.37162162162162,0.624889448590987_74_221_28.3716216216216,5
Roman Polak,polakro01,TOR,D,2.8,74,235,0.624889448590987,30.16891891891892,0.624889448590987_74_235_30.1689189189189,5
Mark Jankowski,jankoma01,CGY,C,2.8,76,202,0.624889448590987,24.585526315789473,0.624889448590987_76_202_24.5855263157895,5
Cody Franson,fransco01,CHI,D,2.8,77,224,0.624889448590987,26.55962219598583,0.624889448590987_77_224_26.5596221959858,5
William Nylander,nylanwi01,TOR,C,2.7,72,191,0.6004043100182452,25.901427469135804,0.600404310018245_72_191_25.9014274691358,5
Bo Horvat,horvabo01,VAN,C,2.7,72,223,0.6004043100182452,30.24093364197531,0.600404310018245_72_223_30.2409336419753,5
Nate Prosser,prossna01,TOT,D,2.7,74,206,0.6004043100182452,26.445945945945947,0.600404310018245_74_206_26.4459459459459,5
Adam Pelech,pelecad01,NYI,D,2.7,75,217,0.6004043100182452,27.120177777777776,0.600404310018245_75_217_27.1201777777778,5
Claude Giroux,giroucl01,PHI,C,2.6,71,185,0.5759191714455033,25.799444554651856,0.575919171445503_71_185_25.7994445546519,5
Alex Iafallo,iafalal01,LAK,C,2.6,72,185,0.5759191714455033,25.087770061728396,0.575919171445503_72_185_25.0877700617284,5
Jake Debrusk,debruja01,BOS,LW,2.6,72,188,0.5759191714455033,25.494598765432098,0.575919171445503_72_188_25.4945987654321,5
Josh Morrissey,morrijo04,WPG,D,2.6,72,195,0.5759191714455033,26.44386574074074,0.575919171445503_72_195_26.4438657407407,5
Jakub Vrana,vranaja01,WSH,LW,2.6,72,197,0.5759191714455033,26.71508487654321,0.575919171445503_72_197_26.7150848765432,5
Travis Sanheim,sanhetr01,PHI,D,2.5,75,181,0.5514340328727614,22.620977777777778,0.551434032872761_75_181_22.6209777777778,5
Eric Staal,staaler01,MIN,C,2.5,76,209,0.5514340328727614,25.4375,0.551434032872761_76_209_25.4375,5
J.T. Brown,brownjt01,TOT,RW,2.4,70,169,0.5269488943000193,24.246326530612244,0.526948894300019_70_169_24.2463265306122,5
Ben Lovejoy,lovejbe01,NJD,D,2.4,73,205,0.5269488943000193,27.043535372490147,0.526948894300019_73_205_27.0435353724901,5
Gabriel Landeskog,landega01,COL,LW,2.4,73,215,0.5269488943000193,28.36273221992869,0.526948894300019_73_215_28.3627322199287,5
Ryan Reaves,reavery01,PIT,RW,2.4,73,225,0.5269488943000193,29.681929067367236,0.526948894300019_73_225_29.6819290673672,5
Oskar Sundqvist,sundqos01,STL,C,2.4,75,209,0.5269488943000193,26.120355555555555,0.526948894300019_75_209_26.1203555555556,5
Brett Ritchie,ritchbr01,DAL,RW,2.4,75,217,0.5269488943000193,27.120177777777776,0.526948894300019_75_217_27.1201777777778,5
Nick Schmaltz,schmani01,CHI,LW,2.3,72,177,0.5024637557272774,24.00289351851852,0.502463755727277_72_177_24.0028935185185,5
Ondrej Kase,kaseon01,ANA,RW,2.3,72,185,0.5024637557272774,25.087770061728396,0.502463755727277_72_185_25.0877700617284,5
Matt Hendricks,hendrma01,WPG,LW,2.3,72,209,0.5024637557272774,28.342399691358025,0.502463755727277_72_209_28.342399691358,5
Carl Gunnarsson,gunnaca01,STL,D,2.3,74,198,0.5024637557272774,25.41891891891892,0.502463755727277_74_198_25.4189189189189,5
Julius Honka,honkaju01,DAL,D,2.2,71,186,0.47797861715453555,25.938901011704026,0.477978617154536_71_186_25.938901011704,5
Anders Bjork,bjorkan01,BOS,LW,2.2,72,186,0.47797861715453555,25.22337962962963,0.477978617154536_72_186_25.2233796296296,5
Dylan DeMelo,demeldy01,SJS,D,2.2,73,195,0.47797861715453555,25.724338525051603,0.477978617154536_73_195_25.7243385250516,5
Dan Girardi,girarda01,TBL,D,2.2,73,212,0.47797861715453555,27.96697316569713,0.477978617154536_73_212_27.9669731656971,5
Henrik Sedin,sedinhe01,VAN,C,2.2,74,183,0.47797861715453555,23.493243243243242,0.477978617154536_74_183_23.4932432432432,5
Ryan Suter,suterry01,MIN,D,2.2,74,202,0.47797861715453555,25.93243243243243,0.477978617154536_74_202_25.9324324324324,5
Tomas Hertl,hertlto01,SJS,C,2.2,74,220,0.47797861715453555,28.243243243243242,0.477978617154536_74_220_28.2432432432432,5
Brett Pesce,pescebr01,CAR,D,2.2,75,200,0.47797861715453555,24.995555555555555,0.477978617154536_75_200_24.9955555555556,5
Ryan Johansen,johanry01,NSH,C,2.2,75,218,0.47797861715453555,27.245155555555556,0.477978617154536_75_218_27.2451555555556,5
Jaromir Jagr,jagrja01,CGY,RW,2.2,75,230,0.47797861715453555,28.744888888888887,0.477978617154536_75_230_28.7448888888889,5
Stephen Johns,johnsst03,DAL,D,2.2,76,221,0.47797861715453555,26.898026315789473,0.477978617154536_76_221_26.8980263157895,5
Ryan Getzlaf,getzlry01,ANA,C,2.2,76,223,0.47797861715453555,27.14144736842105,0.477978617154536_76_223_27.1414473684211,5
Anthony Mantha,manthan01,DET,RW,2.2,77,225,0.47797861715453555,26.678191937932198,0.477978617154536_77_225_26.6781919379322,5
Tyler Pitlick,pitlity01,DAL,C,2.1,74,200,0.45349347858179356,25.675675675675677,0.453493478581794_74_200_25.6756756756757,5
Christian Folin,folinch01,LAK,D,2.1,75,204,0.45349347858179356,25.495466666666665,0.453493478581794_75_204_25.4954666666667,5
Brian Boyle,boylebr01,NJD,C,2.1,78,245,0.45349347858179356,28.309500328731097,0.453493478581794_78_245_28.3095003287311,5
Tyler Johnson,johnsty01,TBL,C,2,68,183,0.42900834000905164,27.822015570934255,0.429008340009052_68_183_27.8220155709343,5
Teuvo Teravainen,teravte01,CAR,LW,2,71,178,0.42900834000905164,24.82324935528665,0.429008340009052_71_178_24.8232493552866,5
Taylor Leier,leierta01,PHI,LW,2,71,180,0.42900834000905164,25.102162269390995,0.429008340009052_71_180_25.102162269391,5
P.K. Subban,subbapk01,NSH,D,2,72,210,0.42900834000905164,28.47800925925926,0.429008340009052_72_210_28.4780092592593,5
Dustin Byfuglien,byfugdu01,WPG,D,2,77,260,0.42900834000905164,30.828132906054982,0.429008340009052_77_260_30.828132906055,5
Jakub Jerabek,jerabja01,MTL,D,1.9,71,200,0.40452320143630965,27.891291410434437,0.40452320143631_71_200_27.8912914104344,5
Dominic Moore,mooredo01,TOR,C,1.9,72,192,0.40452320143630965,26.037037037037038,0.40452320143631_72_192_26.037037037037,5
Mikko Rantanen,rantami01,COL,RW,1.9,76,211,0.40452320143630965,25.68092105263158,0.40452320143631_76_211_25.6809210526316,5
Alex Biega,biegaal01,VAN,D,1.8,70,193,0.3800380628635678,27.689591836734692,0.380038062863568_70_193_27.6895918367347,5
Jake Guentzel,guentja01,PIT,C,1.8,71,180,0.3800380628635678,25.102162269390995,0.380038062863568_71_180_25.102162269391,5
Gustav Nyquist,nyquigu01,DET,RW,1.8,71,184,0.3800380628635678,25.659988097599683,0.380038062863568_71_184_25.6599880975997,5
Lukas Sedlak,sedlalu01,CBJ,LW,1.8,72,205,0.3800380628635678,27.799961419753085,0.380038062863568_72_205_27.7999614197531,5
Michael Frolik,frolimi01,CGY,RW,1.8,73,194,0.3800380628635678,25.59241884030775,0.380038062863568_73_194_25.5924188403078,5
Jordie Benn,bennjo01,MTL,D,1.8,74,198,0.3800380628635678,25.41891891891892,0.380038062863568_74_198_25.4189189189189,5
Nino Niederreiter,niedeni01,MIN,RW,1.8,74,216,0.3800380628635678,27.72972972972973,0.380038062863568_74_216_27.7297297297297,5
Charlie Coyle,coylech01,MIN,C,1.8,75,221,0.3800380628635678,27.62008888888889,0.380038062863568_75_221_27.6200888888889,5
Dmitry Orlov,orlovdm01,WSH,D,1.7,71,212,0.3555529242908258,29.564768895060503,0.355552924290826_71_212_29.5647688950605,5
Radko Gudas,gudasra01,PHI,D,1.7,72,204,0.3555529242908258,27.66435185185185,0.355552924290826_72_204_27.6643518518519,5
Daniel Sedin,sedinda01,VAN,LW,1.7,73,190,0.3555529242908258,25.064740101332333,0.355552924290826_73_190_25.0647401013323,5
Colin Wilson,wilsoco01,COL,C,1.7,73,221,0.3555529242908258,29.154250328391818,0.355552924290826_73_221_29.1542503283918,5
Micheal Ferland,ferlami01,CGY,LW,1.7,74,208,0.3555529242908258,26.7027027027027,0.355552924290826_74_208_26.7027027027027,5
Erik Haula,haulaer01,VEG,LW,1.6,72,193,0.33106778571808393,26.172646604938272,0.331067785718084_72_193_26.1726466049383,5
Vladimir Tarasenko,tarasvl01,STL,RW,1.6,72,225,0.33106778571808393,30.51215277777778,0.331067785718084_72_225_30.5121527777778,5
Michael Grabner,grabnmi01,NYR,RW,1.6,73,188,0.33106778571808393,24.800900731844624,0.331067785718084_73_188_24.8009007318446,5
Mark Scheifele,scheima01,WPG,C,1.6,75,207,0.33106778571808393,25.8704,0.331067785718084_75_207_25.8704,5
Brandon Manning,mannibr01,PHI,D,1.5,73,205,0.30658264714534195,27.043535372490147,0.306582647145342_73_205_27.0435353724901,5
Greg Pateryn,patergr01,DAL,D,1.5,75,224,0.30658264714534195,27.99502222222222,0.306582647145342_75_224_27.9950222222222,5
Chad Ruhwedel,ruhwech01,PIT,D,1.4,71,191,0.2820975085726,26.636183296964887,0.2820975085726_71_191_26.6361832969649,5
Oliver Bjorkstrand,bjorkol01,CBJ,RW,1.4,72,177,0.2820975085726,24.00289351851852,0.2820975085726_72_177_24.0028935185185,5
Sam Reinhart,reinhsa01,BUF,C,1.4,73,192,0.2820975085726,25.328579470820042,0.2820975085726_73_192_25.32857947082,5
Mikael Backlund,backlmi01,CGY,C,1.4,73,199,0.2820975085726,26.25201726402702,0.2820975085726_73_199_26.252017264027,5
Dmitry Kulikov,kulikdm01,WPG,D,1.4,73,204,0.2820975085726,26.911615687746295,0.2820975085726_73_204_26.9116156877463,5
Ian Cole,coleia01,PIT,D,1.4,73,219,0.2820975085726,28.89041095890411,0.2820975085726_73_219_28.8904109589041,5
Kyle Brodziak,brodzky01,STL,C,1.4,74,209,0.2820975085726,26.83108108108108,0.2820975085726_74_209_26.8310810810811,5
James van Riemsdyk,vanrija01,TOR,LW,1.4,75,217,0.2820975085726,27.120177777777776,0.2820975085726_75_217_27.1201777777778,5
Matt Hunwick,hunwima01,PIT,D,1.3,71,200,0.2576123699998581,27.891291410434437,0.257612369999858_71_200_27.8912914104344,5
Marcus Kruger,krugema01,CAR,C,1.3,72,186,0.2576123699998581,25.22337962962963,0.257612369999858_72_186_25.2233796296296,5
Oscar Lindberg,lindbos02,VEG,C,1.3,73,202,0.2576123699998581,26.647776318258586,0.257612369999858_73_202_26.6477763182586,5
Slater Koekkoek,koekksl01,TBL,D,1.3,74,193,0.2576123699998581,24.777027027027028,0.257612369999858_74_193_24.777027027027,5
Brady Skjei,skjeibr01,NYR,D,1.3,75,211,0.2576123699998581,26.37031111111111,0.257612369999858_75_211_26.3703111111111,5
Frank Vatrano,vatrafr01,BOS,C,1.2,69,201,0.23312723142711617,29.679269061121612,0.233127231427116_69_201_29.6792690611216,5
Christian Djoos,djoosch01,WSH,D,1.2,72,169,0.23312723142711617,22.918016975308642,0.233127231427116_72_169_22.9180169753086,5
Brian Gibbons,gibbobr02,NJD,LW,1.1,68,175,0.20864209285437427,26.60575259515571,0.208642092854374_68_175_26.6057525951557,5
Andy Greene,greenan01,NJD,D,1.1,71,190,0.20864209285437427,26.496726839912714,0.208642092854374_71_190_26.4967268399127,5
Pierre-Edouard Bellemare,bellepi01,VEG,LW,1.1,72,198,0.20864209285437427,26.850694444444443,0.208642092854374_72_198_26.8506944444444,5
Sam Bennett,bennesa01,CGY,C,1.1,73,200,0.20864209285437427,26.383936948770877,0.208642092854374_73_200_26.3839369487709,5
Mark Pysyk,pysykma01,FLA,D,1.1,73,200,0.20864209285437427,26.383936948770877,0.208642092854374_73_200_26.3839369487709,5
Blake Wheeler,wheelbl01,WPG,RW,1.1,77,225,0.20864209285437427,26.678191937932198,0.208642092854374_77_225_26.6781919379322,5
Yohann Auvitu,auvityo01,EDM,D,1,71,187,0.1841569542816323,26.0783574687562,0.184156954281632_71_187_26.0783574687562,5
Pavel Buchnevich,buchnpa01,NYR,RW,1,74,191,0.1841569542816323,24.52027027027027,0.184156954281632_74_191_24.5202702702703,5
Ryan Spooner,spoonry01,BOS,C,0.9,70,187,0.15967181570889039,26.828775510204082,0.15967181570889_70_187_26.8287755102041,5
Torrey Mitchell,mitchto01,TOT,C,0.9,71,186,0.15967181570889039,25.938901011704026,0.15967181570889_71_186_25.938901011704,5
Jason Demers,demerja01,ARI,D,0.9,73,195,0.15967181570889039,25.724338525051603,0.15967181570889_73_195_25.7243385250516,5
Brett Kulak,kulakbr01,CGY,D,0.9,74,187,0.15967181570889039,24.006756756756758,0.15967181570889_74_187_24.0067567567568,5
Brad Hunt,huntbr01,VEG,D,0.8,69,187,0.13518667713614846,27.612056290695232,0.135186677136148_69_187_27.6120562906952,5
Travis Konecny,konectr01,PHI,C,0.8,70,175,0.13518667713614846,25.107142857142858,0.135186677136148_70_175_25.1071428571429,5
Tommy Wingels,wingeto01,CHI,RW,0.8,72,200,0.13518667713614846,27.121913580246915,0.135186677136148_72_200_27.1219135802469,5
Patrick Sharp,sharppa01,CHI,LW,0.8,73,200,0.13518667713614846,26.383936948770877,0.135186677136148_73_200_26.3839369487709,5
Jeff Petry,petryje01,MTL,D,0.8,75,208,0.13518667713614846,25.99537777777778,0.135186677136148_75_208_25.9953777777778,5
Brian Dumoulin,dumoubr01,PIT,D,0.8,76,207,0.13518667713614846,25.19407894736842,0.135186677136148_76_207_25.1940789473684,5
Alex DeBrincat,debrial01,CHI,RW,0.7,67,165,0.1107015385634065,25.83983069725997,0.110701538563407_67_165_25.83983069726,5
Cam Atkinson,atkinca01,CBJ,RW,0.7,68,179,0.1107015385634065,27.213884083044984,0.110701538563407_68_179_27.213884083045,5
Joakim Ryan,ryanjo02,SJS,D,0.7,71,185,0.1107015385634065,25.799444554651856,0.110701538563407_71_185_25.7994445546519,5
Jussi Jokinen,jokinju01,TOT,LW,0.7,72,191,0.1107015385634065,25.901427469135804,0.110701538563407_72_191_25.9014274691358,5
Erik Karlsson,karlser01,OTT,D,0.7,72,191,0.1107015385634065,25.901427469135804,0.110701538563407_72_191_25.9014274691358,5
Richard Panik,panikri01,TOT,RW,0.7,73,208,0.1107015385634065,27.439294426721712,0.110701538563407_73_208_27.4392944267217,5
Victor Rask,raskvi01,CAR,C,0.7,74,200,0.1107015385634065,25.675675675675677,0.110701538563407_74_200_25.6756756756757,5
Jakub Voracek,voracja01,PHI,RW,0.7,74,214,0.1107015385634065,27.472972972972972,0.110701538563407_74_214_27.472972972973,5
Leo Komarov,komarle01,TOR,C,0.6,71,209,0.08621639999066458,29.146399523903987,0.0862163999906646_71_209_29.146399523904,5
Chris Kunitz,kunitch01,TBL,LW,0.6,72,195,0.08621639999066458,26.44386574074074,0.0862163999906646_72_195_26.4438657407407,5
Josh Jooris,joorijo01,CAR,RW,0.6,73,197,0.08621639999066458,25.988177894539312,0.0862163999906646_73_197_25.9881778945393,5
Matt Benning,bennima01,EDM,D,0.6,73,204,0.08621639999066458,26.911615687746295,0.0862163999906646_73_204_26.9116156877463,5
Dan Hamhuis,hamhuda01,DAL,D,0.6,73,204,0.08621639999066458,26.911615687746295,0.0862163999906646_73_204_26.9116156877463,5
Deryk Engelland,engelde01,VEG,D,0.6,74,214,0.08621639999066458,27.472972972972972,0.0862163999906646_74_214_27.472972972973,5
Jason Spezza,spezzja01,DAL,C,0.6,75,214,0.08621639999066458,26.745244444444445,0.0862163999906646_75_214_26.7452444444444,5
Shawn Matthias,matthsh01,WPG,LW,0.6,76,231,0.08621639999066458,28.11513157894737,0.0862163999906646_76_231_28.1151315789474,5
Bryan Rust,rustbr01,PIT,RW,0.5,71,192,0.06173126141792265,26.77563975401706,0.0617312614179227_71_192_26.7756397540171,5
Milan Lucic,lucicmi01,EDM,LW,0.5,75,236,0.06173126141792265,29.494755555555557,0.0617312614179227_75_236_29.4947555555556,5
Joe Thornton,thornjo01,SJS,C,0.5,76,220,0.06173126141792265,26.776315789473685,0.0617312614179227_76_220_26.7763157894737,5
Joe Pavelski,paveljo01,SJS,C,0.4,71,195,0.03724612284518073,27.194009125173576,0.0372461228451807_71_195_27.1940091251736,5
Greg McKegg,mckeggr01,PIT,C,0.4,72,191,0.03724612284518073,25.901427469135804,0.0372461228451807_72_191_25.9014274691358,5
Scott Laughton,laughsc01,PHI,C,0.4,73,190,0.03724612284518073,25.064740101332333,0.0372461228451807_73_190_25.0647401013323,5
John Moore,moorejo01,NJD,D,0.4,74,210,0.03724612284518073,26.95945945945946,0.0372461228451807_74_210_26.9594594594595,5
Hampus Lindholm,lindhha01,ANA,D,0.4,75,208,0.03724612284518073,25.99537777777778,0.0372461228451807_75_208_25.9953777777778,5
Eric Gryba,grybaer01,EDM,D,0.4,76,222,0.03724612284518073,27.019736842105264,0.0372461228451807_76_222_27.0197368421053,5
Nikolaj Ehlers,ehlerni01,WPG,LW,0.3,72,172,0.01276098427243879,23.324845679012345,0.0127609842724388_72_172_23.3248456790123,4
Jason Pominville,pominja01,BUF,RW,0.3,72,180,0.01276098427243879,24.40972222222222,0.0127609842724388_72_180_24.4097222222222,4
Phil Kessel,kesseph01,PIT,RW,0.3,72,202,0.01276098427243879,27.393132716049383,0.0127609842724388_72_202_27.3931327160494,4
Marian Gaborik,gaborma01,LAK,RW,0.3,73,200,0.01276098427243879,26.383936948770877,0.0127609842724388_73_200_26.3839369487709,4
Filip Forsberg,forsbfi01,NSH,LW,0.3,73,205,0.01276098427243879,27.043535372490147,0.0127609842724388_73_205_27.0435353724901,4
Miles Wood,woodmi01,NJD,LW,0.3,74,195,0.01276098427243879,25.033783783783782,0.0127609842724388_74_195_25.0337837837838,4
Nick Holden,holdeni01,NYR,D,0.3,76,214,0.01276098427243879,26.04605263157895,0.0127609842724388_76_214_26.0460526315789,4
Toby Enstrom,enstrto01,WPG,D,0.2,70,180,-0.011724154300303135,25.824489795918367,-0.0117241543003031_70_180_25.8244897959184,4
Niklas Kronwall,kronwni01,DET,D,0.2,72,194,-0.011724154300303135,26.308256172839506,-0.0117241543003031_72_194_26.3082561728395,4
Sonny Milano,milanso01,CBJ,LW,0.2,72,195,-0.011724154300303135,26.44386574074074,-0.0117241543003031_72_195_26.4438657407407,4
Joel Eriksson Ek,eriksjo02,MIN,LW,0.2,73,206,-0.011724154300303135,27.175455057234004,-0.0117241543003031_73_206_27.175455057234,4
Tomas Nosek,nosekto01,VEG,LW,0.2,75,210,-0.011724154300303135,26.245333333333335,-0.0117241543003031_75_210_26.2453333333333,4
Ian McCoshen,mccosia01,FLA,D,0.2,75,217,-0.011724154300303135,27.120177777777776,-0.0117241543003031_75_217_27.1201777777778,4
John Hayden,haydejo01,CHI,RW,0.2,75,223,-0.011724154300303135,27.870044444444446,-0.0117241543003031_75_223_27.8700444444444,4
Erik Johnson,johnser01,COL,D,0.2,76,225,-0.011724154300303135,27.38486842105263,-0.0117241543003031_76_225_27.3848684210526,4
Mikkel Boedker,boedkmi01,SJS,LW,0.1,72,210,-0.03620929287304507,28.47800925925926,-0.0362092928730451_72_210_28.4780092592593,4
Nathan Beaulieu,beaulna01,BUF,D,0.1,74,200,-0.03620929287304507,25.675675675675677,-0.0362092928730451_74_200_25.6756756756757,4
Kevin Hayes,hayeske01,NYR,RW,0.1,77,217,-0.03620929287304507,25.729634002361276,-0.0362092928730451_77_217_25.7296340023613,4
Sebastian Aho,ahose01,CAR,RW,0,71,172,-0.060694431445787,23.986510612973618,-0.060694431445787_71_172_23.9865106129736,4
MacKenzie Weegar,weegama01,FLA,D,0,72,212,-0.060694431445787,28.749228395061728,-0.060694431445787_72_212_28.7492283950617,4
Andrew MacDonald,macdoan01,PHI,D,0,73,204,-0.060694431445787,26.911615687746295,-0.060694431445787_73_204_26.9116156877463,4
Nicolas Deslauriers,deslani01,MTL,LW,0,73,215,-0.060694431445787,28.36273221992869,-0.060694431445787_73_215_28.3627322199287,4
Nikita Zaitsev,zaitsni01,TOR,D,0,74,195,-0.060694431445787,25.033783783783782,-0.060694431445787_74_195_25.0337837837838,4
Ron Hainsey,hainsro01,TOR,D,0,75,205,-0.060694431445787,25.620444444444445,-0.060694431445787_75_205_25.6204444444444,4
Jonas Brodin,brodijo01,MIN,D,-0.1,73,194,-0.08517957001852894,25.59241884030775,-0.0851795700185289_73_194_25.5924188403078,4
Ryan Strome,stromry01,EDM,RW,-0.1,73,194,-0.08517957001852894,25.59241884030775,-0.0851795700185289_73_194_25.5924188403078,4
Markus Hannikainen,hannima01,CBJ,LW,-0.1,73,200,-0.08517957001852894,26.383936948770877,-0.0851795700185289_73_200_26.3839369487709,4
Johnny Boychuk,boychjo01,NYI,D,-0.1,74,227,-0.08517957001852894,29.14189189189189,-0.0851795700185289_74_227_29.1418918918919,4
Cody Eakin,eakinco01,VEG,C,-0.2,72,190,-0.10966470859127087,25.765817901234566,-0.109664708591271_72_190_25.7658179012346,4
Michal Kempny,kempnmi01,CHI,D,-0.2,72,194,-0.10966470859127087,26.308256172839506,-0.109664708591271_72_194_26.3082561728395,4
Tanner Pearson,pearsta01,LAK,LW,-0.2,73,201,-0.10966470859127087,26.51585663351473,-0.109664708591271_73_201_26.5158566335147,4
Drew Stafford,staffdr01,NJD,RW,-0.2,74,215,-0.10966470859127087,27.60135135135135,-0.109664708591271_74_215_27.6013513513514,4
Jaccob Slavin,slavija01,CAR,D,-0.2,75,205,-0.10966470859127087,25.620444444444445,-0.109664708591271_75_205_25.6204444444444,4
Jamie Oleksiak,oleksja01,TOT,D,-0.2,79,255,-0.10966470859127087,28.723762217593336,-0.109664708591271_79_255_28.7237622175933,4
Anthony Beauvillier,beauvan01,NYI,LW,-0.3,71,182,-0.1341498471640128,25.381075183495337,-0.134149847164013_71_182_25.3810751834953,4
Brandon Dubinsky,dubinbr01,CBJ,C,-0.3,74,205,-0.1341498471640128,26.31756756756757,-0.134149847164013_74_205_26.3175675675676,4
Chris Stewart,stewach02,MIN,RW,-0.3,74,242,-0.1341498471640128,31.06756756756757,-0.134149847164013_74_242_31.0675675675676,4
Chris Kreider,kreidch01,NYR,LW,-0.3,75,224,-0.1341498471640128,27.99502222222222,-0.134149847164013_75_224_27.9950222222222,4
Nick Bjugstad,bjugsni01,FLA,C,-0.3,78,218,-0.1341498471640128,25.189677843524,-0.134149847164013_78_218_25.189677843524,4
Brad Richardson,richabr02,ARI,C,-0.4,72,190,-0.15863498573675475,25.765817901234566,-0.158634985736755_72_190_25.7658179012346,4
David Perron,perroda01,VEG,LW,-0.4,72,200,-0.15863498573675475,27.121913580246915,-0.158634985736755_72_200_27.1219135802469,4
Adam Larsson,larssad01,EDM,D,-0.4,75,210,-0.15863498573675475,26.245333333333335,-0.158634985736755_75_210_26.2453333333333,4
Michael Stone,stonemi01,CGY,D,-0.4,75,210,-0.15863498573675475,26.245333333333335,-0.158634985736755_75_210_26.2453333333333,4
Kyle Palmieri,palmiky01,NJD,RW,-0.5,71,185,-0.18312012430949667,25.799444554651856,-0.183120124309497_71_185_25.7994445546519,4
Tyler Toffoli,toffoty01,LAK,C,-0.5,72,197,-0.18312012430949667,26.71508487654321,-0.183120124309497_72_197_26.7150848765432,4
Ryan Carpenter,carpery01,TOT,C,-0.5,72,200,-0.18312012430949667,27.121913580246915,-0.183120124309497_72_200_27.1219135802469,4
Scottie Upshall,upshasc01,STL,RW,-0.5,72,200,-0.18312012430949667,27.121913580246915,-0.183120124309497_72_200_27.1219135802469,4
Chandler Stephenson,stephch02,WSH,C,-0.5,72,203,-0.18312012430949667,27.528742283950617,-0.183120124309497_72_203_27.5287422839506,4
Trevor Lewis,lewistr01,LAK,C,-0.5,73,205,-0.18312012430949667,27.043535372490147,-0.183120124309497_73_205_27.0435353724901,4
Carter Rowney,rowneca01,PIT,RW,-0.5,74,200,-0.18312012430949667,25.675675675675677,-0.183120124309497_74_200_25.6756756756757,4
Jack Eichel,eicheja01,BUF,C,-0.5,74,206,-0.18312012430949667,26.445945945945947,-0.183120124309497_74_206_26.4459459459459,4
Magnus Paajarvi,paajama01,STL,LW,-0.5,75,206,-0.18312012430949667,25.74542222222222,-0.183120124309497_75_206_25.7454222222222,4
Riley Sheahan,sheahri01,TOT,C,-0.5,75,214,-0.18312012430949667,26.745244444444445,-0.183120124309497_75_214_26.7452444444444,4
Tyler Ennis,ennisty01,MIN,LW,-0.6,69,161,-0.2076052628822386,23.77294685990338,-0.207605262882239_69_161_23.7729468599034,4
Vladimir Sobotka,sobotvl01,STL,LW,-0.6,70,184,-0.2076052628822386,26.398367346938777,-0.207605262882239_70_184_26.3983673469388,4
Joel Edmundson,edmunjo01,STL,D,-0.6,76,215,-0.2076052628822386,26.167763157894736,-0.207605262882239_76_215_26.1677631578947,4
Patrik Laine,lainepa01,WPG,RW,-0.6,77,206,-0.2076052628822386,24.425366840951256,-0.207605262882239_77_206_24.4253668409513,4
Jordan Oesterle,oestejo01,CHI,D,-0.7,72,182,-0.23209040145498053,24.68094135802469,-0.232090401454981_72_182_24.6809413580247,4
Zemgus Girgensons,girgeze01,BUF,C,-0.7,74,207,-0.23209040145498053,26.574324324324323,-0.232090401454981_74_207_26.5743243243243,4
Nick Ritchie,ritchni01,ANA,LW,-0.7,74,234,-0.23209040145498053,30.04054054054054,-0.232090401454981_74_234_30.0405405405405,4
Karl Alzner,alzneka01,MTL,D,-0.7,75,217,-0.23209040145498053,27.120177777777776,-0.232090401454981_75_217_27.1201777777778,4
Marc Staal,staalma01,NYR,D,-0.7,76,209,-0.23209040145498053,25.4375,-0.232090401454981_76_209_25.4375,4
Nikita Zadorov,zadorni01,COL,D,-0.7,77,230,-0.23209040145498053,27.271040647664023,-0.232090401454981_77_230_27.271040647664,4
Vincent Trocheck,trochvi01,FLA,C,-0.8,70,182,-0.2565755400277225,26.111428571428572,-0.256575540027722_70_182_26.1114285714286,4
Shayne Gostisbehere,gostish01,PHI,D,-0.8,71,180,-0.2565755400277225,25.102162269390995,-0.256575540027722_71_180_25.102162269391,4
Ryan Dzingel,dzingry01,OTT,LW,-0.8,72,190,-0.2565755400277225,25.765817901234566,-0.256575540027722_72_190_25.7658179012346,4
Calvin de Haan,dehaaca01,NYI,D,-0.8,73,198,-0.2565755400277225,26.12009757928317,-0.256575540027722_73_198_26.1200975792832,4
Loui Eriksson,erikslo01,VAN,LW,-0.8,74,196,-0.2565755400277225,25.16216216216216,-0.256575540027722_74_196_25.1621621621622,4
Luca Sbisa,sbisalu01,VEG,D,-0.8,74,209,-0.2565755400277225,26.83108108108108,-0.256575540027722_74_209_26.8310810810811,4
Jordan Weal,wealjo01,PHI,C,-0.9,70,179,-0.28106067860046435,25.681020408163267,-0.281060678600464_70_179_25.6810204081633,4
Nick Cousins,cousini01,ARI,C,-0.9,71,185,-0.28106067860046435,25.799444554651856,-0.281060678600464_71_185_25.7994445546519,4
Joseph Morrow,morrojo02,MTL,D,-0.9,72,196,-0.28106067860046435,26.579475308641975,-0.281060678600464_72_196_26.579475308642,4
Nathan MacKinnon,mackina01,COL,C,-0.9,72,205,-0.28106067860046435,27.799961419753085,-0.281060678600464_72_205_27.7999614197531,4
Oscar Fantenberg,fanteos01,LAK,D,-0.9,72,210,-0.28106067860046435,28.47800925925926,-0.281060678600464_72_210_28.4780092592593,4
Nick Shore,shoreni01,LAK,C,-0.9,73,195,-0.28106067860046435,25.724338525051603,-0.281060678600464_73_195_25.7243385250516,4
Matt Niskanen,niskama01,WSH,D,-0.9,73,203,-0.28106067860046435,26.77969600300244,-0.281060678600464_73_203_26.7796960030024,4
Logan Couture,coutulo01,SJS,C,-0.9,73,205,-0.28106067860046435,27.043535372490147,-0.281060678600464_73_205_27.0435353724901,4
Marc-Edouard Vlasic,vlasima01,SJS,D,-0.9,73,205,-0.28106067860046435,27.043535372490147,-0.281060678600464_73_205_27.0435353724901,4
Bryan Little,littlbr01,WPG,C,-1,72,191,-0.30554581717320634,25.901427469135804,-0.305545817173206_72_191_25.9014274691358,4
Justin Faulk,faulkju01,CAR,D,-1,72,215,-0.30554581717320634,29.156057098765434,-0.305545817173206_72_215_29.1560570987654,4
Brock Boeser,boesebr01,VAN,RW,-1,73,191,-0.30554581717320634,25.196659786076186,-0.305545817173206_73_191_25.1966597860762,4
Colton Sissons,sissoco01,NSH,C,-1,73,200,-0.30554581717320634,26.383936948770877,-0.305545817173206_73_200_26.3839369487709,4
Mark Barberio,barbema01,COL,D,-1,73,207,-0.30554581717320634,27.307374741977856,-0.305545817173206_73_207_27.3073747419779,4
Remi Elie,eliere01,DAL,LW,-1,73,210,-0.30554581717320634,27.70313379620942,-0.305545817173206_73_210_27.7031337962094,4
Chris Thorburn,thorbch01,STL,RW,-1,75,235,-0.30554581717320634,29.369777777777777,-0.305545817173206_75_235_29.3697777777778,4
Alex Petrovic,petroal01,FLA,D,-1,76,206,-0.30554581717320634,25.07236842105263,-0.305545817173206_76_206_25.0723684210526,4
Tom Wilson,wilsoto01,WSH,RW,-1,76,218,-0.30554581717320634,26.532894736842106,-0.305545817173206_76_218_26.5328947368421,4
Tyler Motte,mottety01,CBJ,LW,-1.1,70,191,-0.33003095574594826,27.40265306122449,-0.330030955745948_70_191_27.4026530612245,4
Nail Yakupov,yakupna01,COL,RW,-1.1,71,195,-0.33003095574594826,27.194009125173576,-0.330030955745948_71_195_27.1940091251736,4
Mathew Dumba,dumbama01,MIN,D,-1.1,72,184,-0.33003095574594826,24.95216049382716,-0.330030955745948_72_184_24.9521604938272,4
Colton Sceviour,scevico01,FLA,RW,-1.1,72,195,-0.33003095574594826,26.44386574074074,-0.330030955745948_72_195_26.4438657407407,4
Nick Foligno,foligni01,CBJ,LW,-1.1,72,202,-0.33003095574594826,27.393132716049383,-0.330030955745948_72_202_27.3931327160494,4
Marcus Foligno,foligma01,MIN,LW,-1.1,75,232,-0.33003095574594826,28.994844444444446,-0.330030955745948_75_232_28.9948444444444,4
Derek Forbort,forbode01,LAK,D,-1.1,76,215,-0.33003095574594826,26.167763157894736,-0.330030955745948_76_215_26.1677631578947,4
Patrick Kane,kanepa01,CHI,RW,-1.2,71,177,-0.3545160943186902,24.683792898234476,-0.35451609431869_71_177_24.6837928982345,4
Ryan Hartman,hartmry01,CHI,LW,-1.2,72,181,-0.3545160943186902,24.545331790123456,-0.35451609431869_72_181_24.5453317901235,4
Devante Smith-Pelly,smithde06,WSH,RW,-1.2,72,223,-0.3545160943186902,30.24093364197531,-0.35451609431869_72_223_30.2409336419753,4
Mattias Janmark,janmama02,DAL,C,-1.2,73,196,-0.3545160943186902,25.85625820979546,-0.35451609431869_73_196_25.8562582097955,4
Thomas Chabot,chaboth01,OTT,D,-1.2,74,196,-0.3545160943186902,25.16216216216216,-0.35451609431869_74_196_25.1621621621622,4
Gabriel Dumont,dumonga01,TOT,C,-1.3,70,190,-0.3790012328914321,27.259183673469387,-0.379001232891432_70_190_27.2591836734694,4
Matt Calvert,calvema01,CBJ,LW,-1.3,71,186,-0.3790012328914321,25.938901011704026,-0.379001232891432_71_186_25.938901011704,4
Taylor Chorney,chornta01,WSH,D,-1.3,72,193,-0.3790012328914321,26.172646604938272,-0.379001232891432_72_193_26.1726466049383,4
Andre Burakovsky,burakan01,WSH,LW,-1.3,75,201,-0.3790012328914321,25.120533333333334,-0.379001232891432_75_201_25.1205333333333,4
Jimmy Vesey,veseyji02,NYR,LW,-1.3,75,206,-0.3790012328914321,25.74542222222222,-0.379001232891432_75_206_25.7454222222222,4
Brenden Dillon,dillobr01,SJS,D,-1.3,76,225,-0.3790012328914321,27.38486842105263,-0.379001232891432_76_225_27.3848684210526,4
Gabriel Bourque,bourqga01,COL,LW,-1.4,70,206,-0.40348637146417404,29.55469387755102,-0.403486371464174_70_206_29.554693877551,4
Cedric Paquette,paquece01,TBL,C,-1.4,73,198,-0.40348637146417404,26.12009757928317,-0.403486371464174_73_198_26.1200975792832,4
Tyler Myers,myersty01,WPG,D,-1.4,80,229,-0.40348637146417404,25.15421875,-0.403486371464174_80_229_25.15421875,4
Kris Russell,russekr01,EDM,D,-1.5,70,173,-0.42797151003691597,24.820204081632653,-0.427971510036916_70_173_24.8202040816327,4
Curtis Lazar,lazarcu01,CGY,RW,-1.5,72,209,-0.42797151003691597,28.342399691358025,-0.427971510036916_72_209_28.342399691358,4
Duncan Keith,keithdu01,CHI,D,-1.5,73,192,-0.42797151003691597,25.328579470820042,-0.427971510036916_73_192_25.32857947082,4
J.T. Miller,millejt01,NYR,LW,-1.5,73,218,-0.42797151003691597,28.758491274160257,-0.427971510036916_73_218_28.7584912741603,4
Wayne Simmonds,simmowa01,PHI,RW,-1.5,74,185,-0.42797151003691597,23.75,-0.427971510036916_74_185_23.75,4
Mike Matheson,mathemi01,FLA,D,-1.5,74,192,-0.42797151003691597,24.64864864864865,-0.427971510036916_74_192_24.6486486486486,4
Nolan Patrick,patrino01,PHI,C,-1.5,74,198,-0.42797151003691597,25.41891891891892,-0.427971510036916_74_198_25.4189189189189,4
William Carrier,carriwi01,VEG,LW,-1.5,74,212,-0.42797151003691597,27.216216216216218,-0.427971510036916_74_212_27.2162162162162,4
Ryan Pulock,pulocry01,NYI,D,-1.5,74,214,-0.42797151003691597,27.472972972972972,-0.427971510036916_74_214_27.472972972973,4
Alexei Emelin,emelial01,NSH,D,-1.5,74,218,-0.42797151003691597,27.986486486486488,-0.427971510036916_74_218_27.9864864864865,4
Jujhar Khaira,khairju01,EDM,LW,-1.5,76,214,-0.42797151003691597,26.04605263157895,-0.427971510036916_76_214_26.0460526315789,4
Martin Hanzal,hanzama01,DAL,C,-1.5,78,230,-0.42797151003691597,26.576265614727152,-0.427971510036916_78_230_26.5762656147272,4
Zac Rinaldo,rinalza01,ARI,LW,-1.6,70,192,-0.45245664860965795,27.54612244897959,-0.452456648609658_70_192_27.5461224489796,4
Tyson Jost,jostty01,COL,C,-1.6,71,191,-0.45245664860965795,26.636183296964887,-0.452456648609658_71_191_26.6361832969649,4
Ryan O'Reilly,oreilry01,BUF,C,-1.6,73,216,-0.45245664860965795,28.494651904672548,-0.452456648609658_73_216_28.4946519046725,4
Andrej Sustr,sustran01,TBL,D,-1.6,79,220,-0.45245664860965795,24.78128505047268,-0.452456648609658_79_220_24.7812850504727,4
Marcus Johansson,johanma03,NJD,LW,-1.7,73,205,-0.4769417871823998,27.043535372490147,-0.4769417871824_73_205_27.0435353724901,4
Jonny Brodzinski,brodzjo01,LAK,C,-1.7,73,217,-0.4769417871823998,28.6265715894164,-0.4769417871824_73_217_28.6265715894164,4
Cody McLeod,mcleoco01,NSH,LW,-1.7,74,210,-0.4769417871823998,26.95945945945946,-0.4769417871824_74_210_26.9594594594595,4
Miikka Salomaki,salommi01,NSH,RW,-1.8,71,203,-0.5014269257551418,28.309660781590953,-0.501426925755142_71_203_28.309660781591,4
Valtteri Filppula,filppva01,PHI,C,-1.8,72,196,-0.5014269257551418,26.579475308641975,-0.501426925755142_72_196_26.579475308642,4
Tom Kuhnhackl,kuhnhto01,PIT,RW,-1.8,74,196,-0.5014269257551418,25.16216216216216,-0.501426925755142_74_196_25.1621621621622,4
Alex Ovechkin,ovechal01,WSH,LW,-1.8,75,235,-0.5014269257551418,29.369777777777777,-0.501426925755142_75_235_29.3697777777778,4
Samuel Girard,girarsa01,TOT,D,-1.9,70,162,-0.5259120643278836,23.24204081632653,-0.525912064327884_70_162_23.2420408163265,4
Anthony Bitetto,bitetan01,NSH,D,-1.9,73,210,-0.5259120643278836,27.70313379620942,-0.525912064327884_73_210_27.7031337962094,4
Jacob de La Rose,delarja01,MTL,LW,-1.9,75,210,-0.5259120643278836,26.245333333333335,-0.525912064327884_75_210_26.2453333333333,4
Rasmus Ristolainen,ristora01,BUF,D,-1.9,76,218,-0.5259120643278836,26.532894736842106,-0.525912064327884_76_218_26.5328947368421,4
Jimmy Hayes,hayesji01,NJD,RW,-1.9,77,215,-0.5259120643278836,25.492494518468543,-0.525912064327884_77_215_25.4924945184685,4
Mats Zuccarello,zuccama01,NYR,RW,-2,68,179,-0.5503972029006255,27.213884083044984,-0.550397202900626_68_179_27.213884083045,4
Drake Caggiula,caggidr01,EDM,LW,-2,70,185,-0.5503972029006255,26.541836734693877,-0.550397202900626_70_185_26.5418367346939,4
Vladislav Namestnikov,namesvl01,TBL,C,-2,71,180,-0.5503972029006255,25.102162269390995,-0.550397202900626_71_180_25.102162269391,4
Niklas Hjalmarsson,hjalmni01,ARI,D,-2,75,197,-0.5503972029006255,24.620622222222224,-0.550397202900626_75_197_24.6206222222222,4
Jordan Martinook,martijo01,ARI,LW,-2.1,72,204,-0.5748823414733675,27.66435185185185,-0.574882341473367_72_204_27.6643518518519,4
Jared McCann,mccanja01,FLA,C,-2.1,73,198,-0.5748823414733675,26.12009757928317,-0.574882341473367_73_198_26.1200975792832,4
Paul Carey,careypa01,NYR,C,-2.1,73,200,-0.5748823414733675,26.383936948770877,-0.574882341473367_73_200_26.3839369487709,4
Justin Braun,braunju01,SJS,D,-2.1,74,205,-0.5748823414733675,26.31756756756757,-0.574882341473367_74_205_26.3175675675676,4
David Krejci,krejcda01,BOS,C,-2.2,72,188,-0.5993674800461095,25.494598765432098,-0.59936748004611_72_188_25.4945987654321,4
Fredrik Claesson,claesfr01,OTT,D,-2.2,73,200,-0.5993674800461095,26.383936948770877,-0.59936748004611_73_200_26.3839369487709,4
Matt Irwin,irwinma01,NSH,D,-2.2,73,207,-0.5993674800461095,27.307374741977856,-0.59936748004611_73_207_27.3073747419779,4
Ryan McDonagh,mcdonry01,NYR,D,-2.2,73,215,-0.5993674800461095,28.36273221992869,-0.59936748004611_73_215_28.3627322199287,4
Kevin Roy,royke01,ANA,LW,-2.3,69,170,-0.6238526186188513,25.101869355177485,-0.623852618618851_69_170_25.1018693551775,3
Denis Malgin,malgide01,FLA,C,-2.3,69,177,-0.6238526186188513,26.135475740390675,-0.623852618618851_69_177_26.1354757403907,3
Mike Cammalleri,cammami01,TOT,LW,-2.3,69,185,-0.6238526186188513,27.31674018063432,-0.623852618618851_69_185_27.3167401806343,3
Matt Duchene,duchema01,TOT,C,-2.3,71,195,-0.6238526186188513,27.194009125173576,-0.623852618618851_71_195_27.1940091251736,3
Derrick Pouliot,poulide01,VAN,D,-2.3,72,208,-0.6238526186188513,28.20679012345679,-0.623852618618851_72_208_28.2067901234568,3
Jori Lehtera,lehtejo01,PHI,C,-2.3,74,212,-0.6238526186188513,27.216216216216218,-0.623852618618851_74_212_27.2162162162162,3
Jake Muzzin,muzzija01,LAK,D,-2.3,75,213,-0.6238526186188513,26.620266666666666,-0.623852618618851_75_213_26.6202666666667,3
Victor Antipin,antipvi01,BUF,D,-2.4,71,175,-0.6483377571915933,24.404879984130133,-0.648337757191593_71_175_24.4048799841301,3
Derek MacKenzie,mackede01,FLA,C,-2.4,71,181,-0.6483377571915933,25.241618726443168,-0.648337757191593_71_181_25.2416187264432,3
Jan Rutta,ruttaja02,CHI,D,-2.4,75,200,-0.6483377571915933,24.995555555555555,-0.648337757191593_75_200_24.9955555555556,3
Marco Scandella,scandma01,BUF,D,-2.4,75,208,-0.6483377571915933,25.99537777777778,-0.648337757191593_75_208_25.9953777777778,3
Patrik Berglund,berglpa01,STL,C,-2.4,76,219,-0.6483377571915933,26.654605263157894,-0.648337757191593_76_219_26.6546052631579,3
T.J. Brodie,broditj01,CGY,D,-2.5,73,182,-0.6728228957643352,24.009382623381498,-0.672822895764335_73_182_24.0093826233815,3
Martin Frk,frkma01,DET,RW,-2.5,73,205,-0.6728228957643352,27.043535372490147,-0.672822895764335_73_205_27.0435353724901,3
Nicklas Backstrom,backsni02,WSH,C,-2.5,73,210,-0.6728228957643352,27.70313379620942,-0.672822895764335_73_210_27.7031337962094,3
Daniel Winnik,winnida01,MIN,LW,-2.5,74,210,-0.6728228957643352,26.95945945945946,-0.672822895764335_74_210_26.9594594594595,3
Byron Froese,froesby01,MTL,C,-2.6,73,202,-0.6973080343370772,26.647776318258586,-0.697308034337077_73_202_26.6477763182586,3
Scott Hartnell,hartnsc01,NSH,LW,-2.6,74,215,-0.6973080343370772,27.60135135135135,-0.697308034337077_74_215_27.6013513513514,3
Clayton Keller,kellecl01,ARI,LW,-2.7,70,170,-0.7217931729098191,24.389795918367348,-0.721793172909819_70_170_24.3897959183673,3
Yannick Weber,weberya01,NSH,D,-2.7,71,200,-0.7217931729098191,27.891291410434437,-0.721793172909819_71_200_27.8912914104344,3
Gustav Forsling,forslgu02,CHI,D,-2.7,72,186,-0.7217931729098191,25.22337962962963,-0.721793172909819_72_186_25.2233796296296,3
Kyle Connor,connoky01,WPG,LW,-2.7,73,182,-0.7217931729098191,24.009382623381498,-0.721793172909819_73_182_24.0093826233815,3
Jannik Hansen,hanseja01,SJS,RW,-2.7,73,198,-0.7217931729098191,26.12009757928317,-0.721793172909819_73_198_26.1200975792832,3
Roman Josi,josiro01,NSH,D,-2.7,73,201,-0.7217931729098191,26.51585663351473,-0.721793172909819_73_201_26.5158566335147,3
Ivan Provorov,provoiv01,PHI,D,-2.7,73,201,-0.7217931729098191,26.51585663351473,-0.721793172909819_73_201_26.5158566335147,3
David Savard,savarda01,CBJ,D,-2.7,74,227,-0.7217931729098191,29.14189189189189,-0.721793172909819_74_227_29.1418918918919,3
Anders Lee,leean01,NYI,LW,-2.7,75,231,-0.7217931729098191,28.869866666666667,-0.721793172909819_75_231_28.8698666666667,3
Joakim Nordstrom,nordsjo02,CAR,LW,-2.8,73,189,-0.746278311482561,24.932820416588477,-0.746278311482561_73_189_24.9328204165885,3
Zack Mitchell,mitchza01,MIN,RW,-2.8,73,196,-0.746278311482561,25.85625820979546,-0.746278311482561_73_196_25.8562582097955,3
Josh Gorges,gorgejo01,BUF,D,-2.8,73,204,-0.746278311482561,26.911615687746295,-0.746278311482561_73_204_26.9116156877463,3
Derek Grant,grantde01,ANA,C,-2.8,75,215,-0.746278311482561,26.87022222222222,-0.746278311482561_75_215_26.8702222222222,3
Cal Clutterbuck,cluttca01,NYI,RW,-2.9,71,216,-0.7707634500553029,30.12259472326919,-0.770763450055303_71_216_30.1225947232692,3
Joshua Ho-Sang,hosanjo01,NYI,RW,-2.9,72,173,-0.7707634500553029,23.46045524691358,-0.770763450055303_72_173_23.4604552469136,3
Matt Stajan,stajama01,CGY,C,-2.9,73,195,-0.7707634500553029,25.724338525051603,-0.770763450055303_73_195_25.7243385250516,3
Brendan Gaunce,gauncbr01,VAN,LW,-2.9,74,217,-0.7707634500553029,27.85810810810811,-0.770763450055303_74_217_27.8581081081081,3
Scott Mayfield,mayfisc01,NYI,D,-2.9,76,227,-0.7707634500553029,27.62828947368421,-0.770763450055303_76_227_27.6282894736842,3
Micheal Haley,haleymi01,FLA,LW,-3,71,205,-0.7952485886280449,28.5885736956953,-0.795248588628045_71_205_28.5885736956953,3
Nic Dowd,dowdni01,TOT,C,-3,74,197,-0.7952485886280449,25.29054054054054,-0.795248588628045_74_197_25.2905405405405,3
Dennis Rasmussen,rasmude01,ANA,C,-3,75,192,-0.7952485886280449,23.995733333333334,-0.795248588628045_75_192_23.9957333333333,3
Haydn Fleury,fleurha01,CAR,D,-3,75,221,-0.7952485886280449,27.62008888888889,-0.795248588628045_75_221_27.6200888888889,3
Mark Letestu,letesma01,EDM,C,-3.1,70,195,-0.8197337272007869,27.976530612244897,-0.819733727200787_70_195_27.9765306122449,3
Nikita Kucherov,kucheni01,TBL,RW,-3.1,71,178,-0.8197337272007869,24.82324935528665,-0.819733727200787_71_178_24.8232493552866,3
Devin Shore,shorede01,DAL,C,-3.1,72,205,-0.8197337272007869,27.799961419753085,-0.819733727200787_72_205_27.7999614197531,3
Brendan Smith,smithbr05,NYR,D,-3.1,74,211,-0.8197337272007869,27.08783783783784,-0.819733727200787_74_211_27.0878378378378,3
Boo Nieves,nievecr01,NYR,C,-3.1,75,212,-0.8197337272007869,26.49528888888889,-0.819733727200787_75_212_26.4952888888889,3
Mattias Ekholm,ekholma01,NSH,D,-3.1,76,215,-0.8197337272007869,26.167763157894736,-0.819733727200787_76_215_26.1677631578947,3
Jonathan Ericsson,ericsjo01,DET,D,-3.1,76,220,-0.8197337272007869,26.776315789473685,-0.819733727200787_76_220_26.7763157894737,3
Braydon Coburn,coburbr01,TBL,D,-3.1,77,223,-0.8197337272007869,26.44105245403947,-0.819733727200787_77_223_26.4410524540395,3
Ben Harpur,harpube01,OTT,D,-3.1,78,222,-0.8197337272007869,25.651873767258383,-0.819733727200787_78_222_25.6518737672584,3
Kris Versteeg,verstkr01,CGY,RW,-3.2,71,176,-0.8442188657735288,24.544336441182306,-0.844218865773529_71_176_24.5443364411823,3
Antoine Vermette,vermean01,ANA,C,-3.2,73,197,-0.8442188657735288,25.988177894539312,-0.844218865773529_73_197_25.9881778945393,3
Logan Shaw,shawlo01,TOT,RW,-3.2,75,208,-0.8442188657735288,25.99537777777778,-0.844218865773529_75_208_25.9953777777778,3
Josh Manson,mansojo01,ANA,D,-3.2,75,213,-0.8442188657735288,26.620266666666666,-0.844218865773529_75_213_26.6202666666667,3
Kyle Okposo,okposky01,BUF,RW,-3.3,72,220,-0.8687040043462706,29.834104938271604,-0.868704004346271_72_220_29.8341049382716,3
Xavier Ouellet,ouellxa01,DET,D,-3.3,73,185,-0.8687040043462706,24.40514167761306,-0.868704004346271_73_185_24.4051416776131,3
Andy Andreoff,andrean01,LAK,LW,-3.3,73,203,-0.8687040043462706,26.77969600300244,-0.868704004346271_73_203_26.7796960030024,3
Travis Zajac,zajactr01,NJD,C,-3.3,74,185,-0.8687040043462706,23.75,-0.868704004346271_74_185_23.75,3
Mike Reilly,reillmi01,MIN,D,-3.3,74,195,-0.8687040043462706,25.033783783783782,-0.868704004346271_74_195_25.0337837837838,3
Justin Abdelkader,abdelju01,DET,LW,-3.3,74,214,-0.8687040043462706,27.472972972972972,-0.868704004346271_74_214_27.472972972973,3
Pontus Aberg,abergpo01,NSH,LW,-3.4,71,196,-0.8931891429190126,27.33346558222575,-0.893189142919013_71_196_27.3334655822257,3
Johnny Oduya,oduyajo01,OTT,D,-3.4,72,191,-0.8931891429190126,25.901427469135804,-0.893189142919013_72_191_25.9014274691358,3
Kevin Shattenkirk,shattke01,NYR,D,-3.4,72,200,-0.8931891429190126,27.121913580246915,-0.893189142919013_72_200_27.1219135802469,3
Josh Bailey,bailejo01,NYI,RW,-3.4,73,203,-0.8931891429190126,26.77969600300244,-0.893189142919013_73_203_26.7796960030024,3
Alec Martinez,martial01,LAK,D,-3.4,73,208,-0.8931891429190126,27.439294426721712,-0.893189142919013_73_208_27.4392944267217,3
Chris Tanev,tanevch01,VAN,D,-3.4,74,195,-0.8931891429190126,25.033783783783782,-0.893189142919013_74_195_25.0337837837838,3
Alexander Edler,edleral01,VAN,D,-3.4,75,214,-0.8931891429190126,26.745244444444445,-0.893189142919013_75_214_26.7452444444444,3
Anthony Duclair,duclaan01,TOT,LW,-3.5,71,191,-0.9176742814917546,26.636183296964887,-0.917674281491755_71_191_26.6361832969649,3
Luke Glendening,glendlu01,DET,RW,-3.5,71,192,-0.9176742814917546,26.77563975401706,-0.917674281491755_71_192_26.7756397540171,3
T.J. Oshie,oshietj01,WSH,RW,-3.5,71,195,-0.9176742814917546,27.194009125173576,-0.917674281491755_71_195_27.1940091251736,3
Frederick Gaudreau,gaudrfr01,NSH,C,-3.5,72,179,-0.9176742814917546,24.274112654320987,-0.917674281491755_72_179_24.274112654321,3
Thomas Hickey,hicketh01,NYI,D,-3.5,72,188,-0.9176742814917546,25.494598765432098,-0.917674281491755_72_188_25.4945987654321,3
Derek Dorsett,dorsede01,VAN,RW,-3.5,72,192,-0.9176742814917546,26.037037037037038,-0.917674281491755_72_192_26.037037037037,3
Connor Brickley,brickco01,FLA,LW,-3.5,72,203,-0.9176742814917546,27.528742283950617,-0.917674281491755_72_203_27.5287422839506,3
Robert Hagg,haggro01,PHI,D,-3.5,74,204,-0.9176742814917546,26.18918918918919,-0.917674281491755_74_204_26.1891891891892,3
Dale Weise,weiseda01,PHI,RW,-3.5,74,206,-0.9176742814917546,26.445945945945947,-0.917674281491755_74_206_26.4459459459459,3
Brendan Perlini,perlibr01,ARI,LW,-3.5,75,211,-0.9176742814917546,26.37031111111111,-0.917674281491755_75_211_26.3703111111111,3
Scott Wilson,wilsosc01,TOT,C/LW,-3.6,71,183,-0.9421594200644965,25.52053164054751,-0.942159420064496_71_183_25.5205316405475,3
Mike Hoffman,hoffmmi02,OTT,LW,-3.6,72,181,-0.9421594200644965,24.545331790123456,-0.942159420064496_72_181_24.5453317901235,3
Alexandre Burrows,burroal01,OTT,RW,-3.6,73,197,-0.9421594200644965,25.988177894539312,-0.942159420064496_73_197_25.9881778945393,3
Rickard Rakell,rakelri01,ANA,C,-3.6,74,198,-0.9421594200644965,25.41891891891892,-0.942159420064496_74_198_25.4189189189189,3
Kurtis MacDermid,macdeku01,LAK,D,-3.6,77,233,-0.9421594200644965,27.62674987350312,-0.942159420064496_77_233_27.6267498735031,3
Alexander Kerfoot,kerfoal01,COL,C,-3.7,70,175,-0.9666445586372384,25.107142857142858,-0.966644558637238_70_175_25.1071428571429,3
Casey Cizikas,cizikca01,NYI,C,-3.7,71,200,-0.9666445586372384,27.891291410434437,-0.966644558637238_71_200_27.8912914104344,3
Zack Smith,smithza01,OTT,LW,-3.7,74,208,-0.9666445586372384,26.7027027027027,-0.966644558637238_74_208_26.7027027027027,3
Nick Jensen,jenseni02,DET,D,-3.8,72,194,-0.9911296972099803,26.308256172839506,-0.99112969720998_72_194_26.3082561728395,3
Derek Stepan,stepade01,ARI,C,-3.8,72,196,-0.9911296972099803,26.579475308641975,-0.99112969720998_72_196_26.579475308642,3
Kevin Bieksa,biekske01,ANA,D,-3.8,73,197,-0.9911296972099803,25.988177894539312,-0.99112969720998_73_197_25.9881778945393,3
Zack Kassian,kassiza01,EDM,RW,-3.8,75,209,-0.9911296972099803,26.120355555555555,-0.99112969720998_75_209_26.1203555555556,3
Tomas Tatar,tatarto01,DET,LW,-3.9,70,185,-1.0156148357827224,26.541836734693877,-1.01561483578272_70_185_26.5418367346939,3
Alexander Burmistrov,burmial01,VAN,C,-3.9,73,180,-1.0156148357827224,23.74554325389379,-1.01561483578272_73_180_23.7455432538938,3
John Tavares,tavarjo01,NYI,C,-3.9,73,208,-1.0156148357827224,27.439294426721712,-1.01561483578272_73_208_27.4392944267217,3
Andreas Athanasiou,athanan01,DET,LW,-3.9,74,188,-1.0156148357827224,24.135135135135137,-1.01561483578272_74_188_24.1351351351351,3
Boone Jenner,jennebo01,CBJ,C,-3.9,74,206,-1.0156148357827224,26.445945945945947,-1.01561483578272_74_206_26.4459459459459,3
Carl Soderberg,soderca01,COL,C,-3.9,75,210,-1.0156148357827224,26.245333333333335,-1.01561483578272_75_210_26.2453333333333,3
Justin Falk,falkju01,BUF,D,-3.9,77,223,-1.0156148357827224,26.44105245403947,-1.01561483578272_77_223_26.4410524540395,3
Oliver Ekman-Larsson,ekmanol01,ARI,D,-4,74,200,-1.0400999743554642,25.675675675675677,-1.04009997435546_74_200_25.6756756756757,3
Corey Perry,perryco01,ANA,RW,-4,75,213,-1.0400999743554642,26.620266666666666,-1.04009997435546_75_213_26.6202666666667,3
Patrik Nemeth,nemetpa01,COL,D,-4,75,219,-1.0400999743554642,27.37013333333333,-1.04009997435546_75_219_27.3701333333333,3
Jesper Fast,fastje01,NYR,RW,-4.1,72,191,-1.064585112928206,25.901427469135804,-1.06458511292821_72_191_25.9014274691358,3
Alex Pietrangelo,pietral01,STL,D,-4.1,75,210,-1.064585112928206,26.245333333333335,-1.06458511292821_75_210_26.2453333333333,3
David Desharnais,deshada01,NYR,C,-4.2,67,180,-1.089070251500948,28.188906215192695,-1.08907025150095_67_180_28.1889062151927,3
Jean-Gabriel Pageau,pageaje01,OTT,C,-4.2,70,184,-1.089070251500948,26.398367346938777,-1.08907025150095_70_184_26.3983673469388,3
Jake Virtanen,virtaja01,VAN,RW,-4.2,73,229,-1.089070251500948,30.209607806342653,-1.08907025150095_73_229_30.2096078063427,3
Artem Anisimov,anisiar01,CHI,C,-4.2,76,198,-1.089070251500948,24.098684210526315,-1.08907025150095_76_198_24.0986842105263,3
Joel Ward,wardjo02,SJS,RW,-4.3,73,225,-1.1135553900736899,29.681929067367236,-1.11355539007369_73_225_29.6819290673672,3
Adrian Kempe,kempead01,LAK,LW,-4.3,74,195,-1.1135553900736899,25.033783783783782,-1.11355539007369_74_195_25.0337837837838,3
Luke Schenn,schenlu01,ARI,D,-4.3,74,229,-1.1135553900736899,29.39864864864865,-1.11355539007369_74_229_29.3986486486486,3
Sami Vatanen,vatansa01,TOT,D,-4.4,70,185,-1.138040528646432,26.541836734693877,-1.13804052864643_70_185_26.5418367346939,3
Trevor Daley,daleytr01,DET,D,-4.4,71,195,-1.138040528646432,27.194009125173576,-1.13804052864643_71_195_27.1940091251736,3
Connor Brown,brownco02,TOR,RW,-4.4,72,185,-1.138040528646432,25.087770061728396,-1.13804052864643_72_185_25.0877700617284,3
Kevin Connauton,connake01,ARI,D,-4.4,74,205,-1.138040528646432,26.31756756756757,-1.13804052864643_74_205_26.3175675675676,3
Lars Eller,ellerla01,WSH,C,-4.4,74,207,-1.138040528646432,26.574324324324323,-1.13804052864643_74_207_26.5743243243243,3
Benoit Pouliot,poulibe01,BUF,LW,-4.4,75,200,-1.138040528646432,24.995555555555555,-1.13804052864643_75_200_24.9955555555556,3
Jordan Nolan,nolanjo01,BUF,LW,-4.4,75,219,-1.138040528646432,27.37013333333333,-1.13804052864643_75_219_27.3701333333333,3
Brent Burns,burnsbr01,SJS,D,-4.4,77,230,-1.138040528646432,27.271040647664023,-1.13804052864643_77_230_27.271040647664,3
Viktor Arvidsson,arvidvi01,NSH,LW,-4.5,69,180,-1.162525667219174,26.578449905482042,-1.16252566721917_69_180_26.578449905482,3
Max Domi,domima01,ARI,LW,-4.5,70,195,-1.162525667219174,27.976530612244897,-1.16252566721917_70_195_27.9765306122449,3
Evgeny Kuznetsov,kuzneev01,WSH,C,-4.5,74,204,-1.162525667219174,26.18918918918919,-1.16252566721917_74_204_26.1891891891892,3
Keith Yandle,yandlke01,FLA,D,-4.6,73,196,-1.1870108057919158,25.85625820979546,-1.18701080579192_73_196_25.8562582097955,3
Thomas Vanek,vanekth01,VAN,LW,-4.6,74,214,-1.1870108057919158,27.472972972972972,-1.18701080579192_74_214_27.472972972973,3
Alex Chiasson,chiasal01,WSH,RW,-4.6,76,208,-1.1870108057919158,25.31578947368421,-1.18701080579192_76_208_25.3157894736842,3
Troy Stecher,stechtr01,VAN,D,-4.7,70,190,-1.2114959443646578,27.259183673469387,-1.21149594436466_70_190_27.2591836734694,3
Melker Karlsson,karlsme01,SJS,C,-4.7,72,180,-1.2114959443646578,24.40972222222222,-1.21149594436466_72_180_24.4097222222222,3
Cam Fowler,fowleca01,ANA,D,-4.7,73,215,-1.2114959443646578,28.36273221992869,-1.21149594436466_73_215_28.3627322199287,3
Ben Hutton,huttobe01,VAN,D,-4.8,74,207,-1.2359810829373996,26.574324324324323,-1.2359810829374_74_207_26.5743243243243,3
Danny DeKeyser,dekeyda01,DET,D,-4.8,75,192,-1.2359810829373996,23.995733333333334,-1.2359810829374_75_192_23.9957333333333,3
Andrew Cogliano,coglian01,ANA,LW,-5,70,177,-1.2849513600828835,25.394081632653062,-1.28495136008288_70_177_25.3940816326531,2
Tom Pyatt,pyattto01,OTT,LW,-5,71,185,-1.2849513600828835,25.799444554651856,-1.28495136008288_71_185_25.7994445546519,2
Sven Baertschi,baertsv01,VAN,LW,-5,71,192,-1.2849513600828835,26.77563975401706,-1.28495136008288_71_192_26.7756397540171,2
Jonathan Drouin,drouijo01,MTL,LW,-5,72,203,-1.2849513600828835,27.528742283950617,-1.28495136008288_72_203_27.5287422839506,2
Nate Thompson,thompna01,OTT,C,-5,73,214,-1.2849513600828835,28.23081253518484,-1.28495136008288_73_214_28.2308125351848,2
Scott Harrington,harrisc01,CBJ,D,-5.1,74,207,-1.3094364986556253,26.574324324324323,-1.30943649865563_74_207_26.5743243243243,2
Sam Gagner,gagnesa01,VAN,C,-5.2,71,200,-1.3339216372283673,27.891291410434437,-1.33392163722837_71_200_27.8912914104344,2
Jamie McGinn,mcginja01,FLA,LW,-5.2,73,205,-1.3339216372283673,27.043535372490147,-1.33392163722837_73_205_27.0435353724901,2
Troy Brouwer,brouwtr01,CGY,RW,-5.3,75,215,-1.3584067758011094,26.87022222222222,-1.35840677580111_75_215_26.8702222222222,2
Jay Beagle,beaglja01,WSH,RW,-5.4,75,218,-1.3828919143738514,27.245155555555556,-1.38289191437385_75_218_27.2451555555556,2
Jack Johnson,johnsja02,CBJ,D,-5.5,73,227,-1.4073770529465932,29.945768436854944,-1.40737705294659_73_227_29.9457684368549,2
Calle Jarnkrok,jarnkca01,NSH,C,-5.6,71,186,-1.431862191519335,25.938901011704026,-1.43186219151934_71_186_25.938901011704,2
J.T. Compher,comphj.01,COL,LW,-5.6,72,193,-1.431862191519335,26.172646604938272,-1.43186219151934_72_193_26.1726466049383,2
Jakob Silfverberg,silfvja01,ANA,RW,-5.7,74,202,-1.456347330092077,25.93243243243243,-1.45634733009208_74_202_25.9324324324324,2
Dylan Larkin,larkidy01,DET,C,-5.8,73,198,-1.4808324686648189,26.12009757928317,-1.48083246866482_73_198_26.1200975792832,2
Mike Green,greenmi03,DET,D,-6,73,207,-1.5298027458103027,27.307374741977856,-1.5298027458103_73_207_27.3073747419779,2
Sven Andrighetto,andrisv01,COL,RW,-6.1,70,188,-1.5542878843830448,26.972244897959182,-1.55428788438304_70_188_26.9722448979592,2
Brock Nelson,nelsobr01,NYI,LW,-6.2,75,212,-1.5787730229557868,26.49528888888889,-1.57877302295579_75_212_26.4952888888889,2
Frans Nielsen,nielsfr01,DET,C,-6.3,73,188,-1.6032581615285286,24.800900731844624,-1.60325816152853_73_188_24.8009007318446,2
Steven Santini,santist01,NJD,D,-6.3,74,205,-1.6032581615285286,26.31756756756757,-1.60325816152853_74_205_26.3175675675676,2
Brandon Sutter,suttebr03,VAN,C,-6.3,75,191,-1.6032581615285286,23.870755555555554,-1.60325816152853_75_191_23.8707555555556,2
Jake McCabe,mccabja01,BUF,D,-6.5,73,210,-1.6522284386740125,27.70313379620942,-1.65222843867401_73_210_27.7031337962094,2
Austin Watson,watsoau01,NSH,LW,-6.5,76,204,-1.6522284386740125,24.82894736842105,-1.65222843867401_76_204_24.8289473684211,2
Dion Phaneuf,phanedi01,OTT,D,-6.5,76,225,-1.6522284386740125,27.38486842105263,-1.65222843867401_76_225_27.3848684210526,2
Brandon Montour,montobr01,ANA,D,-6.6,72,192,-1.6767135772467543,26.037037037037038,-1.67671357724675_72_192_26.037037037037,2
Tobias Rieder,riedeto01,ARI,RW,-6.7,71,188,-1.7011987158194963,26.217813925808372,-1.7011987158195_71_188_26.2178139258084,2
Adam Henrique,henriad01,TOT,C,-6.7,72,195,-1.7011987158194963,26.44386574074074,-1.7011987158195_72_195_26.4438657407407,2
Chris Wagner,wagnech01,ANA,C,-6.8,72,198,-1.7256838543922381,26.850694444444443,-1.72568385439224_72_198_26.8506944444444,2
Nick Leddy,leddyni01,NYI,D,-6.8,72,204,-1.7256838543922381,27.66435185185185,-1.72568385439224_72_204_27.6643518518519,2
Francois Beauchemin,beaucfr01,ANA,D,-6.9,71,208,-1.7501689929649802,29.006943066851814,-1.75016899296498_71_208_29.0069430668518,2
Blake Comeau,comeabl01,COL,LW,-7,73,202,-1.7746541315377222,26.647776318258586,-1.77465413153772_73_202_26.6477763182586,2
Travis Hamonic,hamontr01,CGY,D,-7,74,205,-1.7746541315377222,26.31756756756757,-1.77465413153772_74_205_26.3175675675676,2
Brett Connolly,connobr01,WSH,RW,-7,75,195,-1.7746541315377222,24.370666666666665,-1.77465413153772_75_195_24.3706666666667,2
Anton Lindholm,lindhan01,COL,D,-7.1,71,191,-1.799139270110464,26.636183296964887,-1.79913927011046_71_191_26.6361832969649,2
Cody Ceci,cecico01,OTT,D,-7.1,74,209,-1.799139270110464,26.83108108108108,-1.79913927011046_74_209_26.8310810810811,2
Tyson Barrie,barrity01,COL,D,-7.2,70,190,-1.823624408683206,27.259183673469387,-1.82362440868321_70_190_27.2591836734694,2
Jason Chimera,chimeja01,NYI,LW,-7.3,75,215,-1.848109547255948,26.87022222222222,-1.84810954725595_75_215_26.8702222222222,2
Darren Helm,helmda01,DET,LW,-7.4,72,196,-1.87259468582869,26.579475308641975,-1.87259468582869_72_196_26.579475308642,2
Matthew Nieto,nietoma01,COL,LW,-7.5,71,190,-1.8970798244014317,26.496726839912714,-1.89707982440143_71_190_26.4967268399127,2
Radim Vrbata,vrbatra01,FLA,RW,-7.6,73,194,-1.9215649629741736,25.59241884030775,-1.92156496297417_73_194_25.5924188403078,1
Johan Larsson,larssjo02,BUF,C,-7.8,71,198,-1.9705352401196576,27.612378496330095,-1.97053524011966_71_198_27.6123784963301,1
Aaron Ekblad,ekblaaa01,FLA,D,-7.8,76,216,-1.9705352401196576,26.289473684210527,-1.97053524011966_76_216_26.2894736842105,1
Christian Dvorak,dvorach01,ARI,C,-8,72,195,-2.0195055172651415,26.44386574074074,-2.01950551726514_72_195_26.4438657407407,1
Alex Goligoski,goligal01,ARI,D,-8.1,71,185,-2.0439906558378835,25.799444554651856,-2.04399065583788_71_185_25.7994445546519,1
Nick Bonino,boninni01,NSH,C,-8.1,73,196,-2.0439906558378835,25.85625820979546,-2.04399065583788_73_196_25.8562582097955,1
Matt Cullen,cullema01,MIN,C,-8.3,73,202,-2.0929609329833676,26.647776318258586,-2.09296093298337_73_202_26.6477763182586,1
Alex Galchenyuk,galchal01,MTL,LW,-8.3,73,207,-2.0929609329833676,27.307374741977856,-2.09296093298337_73_207_27.3073747419779,1
Markus Granlund,granlma01,VAN,C,-8.4,72,183,-2.1174460715561096,24.816550925925927,-2.11744607155611_72_183_24.8165509259259,1
Madison Bowey,boweyma01,WSH,D,-8.4,74,198,-2.1174460715561096,25.41891891891892,-2.11744607155611_74_198_25.4189189189189,1
John Carlson,carlsjo01,WSH,D,-8.7,75,218,-2.190901487274335,27.245155555555556,-2.19090148727433_75_218_27.2451555555556,1
Erik Gudbranson,gudbrer01,VAN,D,-8.7,77,220,-2.190901487274335,26.085343228200372,-2.19090148727433_77_220_26.0853432282004,1
Michael Del Zotto,delzomi01,VAN,D,-9.9,72,195,-2.4847231501472384,26.44386574074074,-2.48472315014724_72_195_26.4438657407407,1
Brooks Orpik,orpikbr01,WSH,D,-12.8,75,217,-3.1947921687567544,27.120177777777776,-3.19479216875675_75_217_27.1201777777778,0
