Name,playerid,Team,Pos,WAR,height,weight,z_score,BMI
Aaron Judge,15640,Yankees,RF,8.2,79,282,4.187832745162997,31.765101746514983
Chris Sale,10603,Red Sox,P,7.7,78,180,3.877073590449832,20.798816568047336
Jose Altuve,5417,Astros,2B,7.5,66,165,3.752769928564565,26.62878787878788
Corey Kluber,2429,Indians,P,7.3,76,215,3.6284662666792986,26.167763157894736
Anthony Rendon,12861,Nationals,3B,6.9,73,210,3.379858942908766,27.70313379620942
Mike Trout,10155,Angels,CF,6.9,74,235,3.379858942908766,30.16891891891892
Giancarlo Stanton,4949,Marlins,RF,6.9,78,245,3.379858942908766,28.309500328731097
Kris Bryant,15429,Cubs,3B,6.7,77,230,3.2555552810234993,27.271040647664023
Jose Ramirez,13510,Indians,2B/3B,6.6,69,165,3.193403450080866,24.363579080025204
Joey Votto,4314,Reds,1B,6.6,74,220,3.193403450080866,28.243243243243242
Charlie Blackmon,7859,Rockies,CF,6.5,75,210,3.131251619138233,26.245333333333335
Max Scherzer,3137,Nationals,P,6,75,210,2.8204924644250666,26.245333333333335
Francisco Lindor,12916,Indians,SS,5.9,71,190,2.7583406334824336,26.496726839912714
Tommy Pham,2967,Cardinals,CF/LF,5.9,73,210,2.7583406334824336,27.70313379620942
Luis Severino,15890,Yankees,P,5.7,74,215,2.6340369715971668,27.60135135135135
Corey Seager,13624,Dodgers,SS,5.7,76,220,2.6340369715971668,26.776315789473685
Nolan Arenado,9777,Rockies,3B,5.6,74,205,2.5718851406545333,26.31756756756757
Stephen Strasburg,10131,Nationals,P,5.6,76,235,2.5718851406545333,28.601973684210527
Justin Turner,5235,Dodgers,3B,5.5,71,205,2.5097333097119003,28.5885736956953
Carlos Carrasco,6632,Indians,P,5.5,75,212,2.5097333097119003,26.49528888888889
Mookie Betts,13611,Red Sox,RF,5.3,69,180,2.385429647826634,26.578449905482042
Paul Goldschmidt,9218,Diamondbacks,1B,5.3,75,225,2.385429647826634,28.12
Carlos Correa,14162,Astros,SS,5.2,76,215,2.323277816884001,26.167763157894736
Zack Greinke,1943,Diamondbacks,P,5.1,74,200,2.261125985941367,25.675675675675677
Brian Dozier,9810,Twins,2B,5,71,200,2.198974154998734,27.891291410434437
Zack Cozart,2616,Reds,SS,5,72,204,2.198974154998734,27.66435185185185
Josh Donaldson,5038,Blue Jays,3B,5,73,210,2.198974154998734,27.70313379620942
Justin Upton,5222,- - -,LF,5,74,205,2.198974154998734,26.31756756756757
Andrelton Simmons,10847,Angels,SS,4.9,74,200,2.136822324056101,25.675675675675677
Jimmy Nelson,10547,Brewers,P,4.9,78,250,2.136822324056101,28.887245233399078
Marcell Ozuna,10324,Marlins,LF,4.8,73,225,2.0746704931134676,29.681929067367236
Bryce Harper,11579,Nationals,RF,4.8,75,215,2.0746704931134676,26.87022222222222
Chris Taylor,13757,Dodgers,CF/LF,4.7,73,195,2.0125186621708346,25.724338525051603
Chris Archer,6345,Rays,P,4.6,74,195,1.950366831228201,25.033783783783782
Clayton Kershaw,2036,Dodgers,P,4.6,76,228,1.950366831228201,27.75
James Paxton,11828,Mariners,P,4.6,76,235,1.950366831228201,28.601973684210527
Christian Yelich,11477,Marlins,CF,4.5,75,195,1.888215000285568,24.370666666666665
George Springer,12856,Astros,RF/CF,4.5,75,215,1.888215000285568,26.87022222222222
Freddie Freeman,5361,Braves,1B,4.5,77,220,1.888215000285568,26.085343228200372
Michael Conforto,16376,Mets,CF/LF,4.4,73,215,1.826063169342935,28.36273221992869
Gary Sanchez,11442,Yankees,C,4.4,74,230,1.826063169342935,29.527027027027028
Jacob deGrom,10954,Mets,P,4.4,76,180,1.826063169342935,21.907894736842106
Buster Posey,9166,Giants,C/1B,4.3,73,215,1.7639113384003013,28.36273221992869
Daniel Murphy,4316,Nationals,2B,4.3,73,220,1.7639113384003013,29.022330643647965
Aaron Nola,16149,Phillies,P,4.3,74,195,1.7639113384003013,25.033783783783782
Avisail Garcia,5760,White Sox,RF,4.2,76,240,1.7017595074576684,29.210526315789473
Eugenio Suarez,12552,Reds,3B,4.1,71,213,1.6396076765150347,29.704225352112676
Elvis Andrus,8709,Rangers,SS,4.1,72,200,1.6396076765150347,27.121913580246915
Marwin Gonzalez,5497,Astros,LF,4.1,73,205,1.6396076765150347,27.043535372490147
Jonathan Schoop,11265,Orioles,2B,4.1,73,225,1.6396076765150347,29.681929067367236
Lorenzo Cain,9077,Royals,CF,4.1,74,205,1.6396076765150347,26.31756756756757
Jose Abreu,15676,White Sox,1B,4.1,75,255,1.6396076765150347,31.869333333333334
Eric Hosmer,3516,Royals,1B,4.1,76,225,1.6396076765150347,27.38486842105263
Justin Verlander,8700,- - -,P,4.1,77,225,1.6396076765150347,26.678191937932198
Anthony Rizzo,3473,Cubs,1B,4,75,240,1.5774558455724017,29.994666666666667
Cody Bellinger,15998,Dodgers,1B/LF,4,76,210,1.5774558455724017,25.55921052631579
Jose Quintana,11423,- - -,P,3.9,73,220,1.5153040146297685,29.022330643647965
Didi Gregorius,6012,Yankees,SS,3.9,75,205,1.5153040146297685,25.620444444444445
Brett Gardner,9927,Yankees,LF,3.8,71,195,1.453152183687135,27.194009125173576
Alex Bregman,17678,Astros,3B,3.8,72,180,1.453152183687135,24.40972222222222
Nelson Cruz,2434,Mariners,DH,3.8,74,230,1.453152183687135,29.527027027027028
J.D. Martinez,6184,- - -,RF,3.8,75,220,1.453152183687135,27.49511111111111
Jeff Samardzija,3254,Giants,P,3.8,77,225,1.453152183687135,26.678191937932198
Andrew McCutchen,9847,Pirates,CF,3.7,70,195,1.391000352744502,27.976530612244897
Steven Souza Jr.,5667,Rays,RF,3.7,76,225,1.391000352744502,27.38486842105263
J.T. Realmuto,11739,Marlins,C,3.6,73,210,1.3288485218018689,27.70313379620942
Mike Zunino,13265,Mariners,C,3.6,74,220,1.3288485218018689,28.243243243243242
Kenley Jansen,3096,Dodgers,P,3.6,77,275,1.3288485218018689,32.606679035250465
Jed Lowrie,4418,Athletics,2B,3.5,72,180,1.2666966908592354,24.40972222222222
Kyle Seager,9785,Mariners,3B,3.5,72,210,1.2666966908592354,28.47800925925926
Tim Beckham,7949,- - -,SS,3.5,73,205,1.2666966908592354,27.043535372490147
Byron Buxton,14161,Twins,CF,3.5,74,190,1.2666966908592354,24.39189189189189
Josh Reddick,3892,Astros,RF/LF,3.5,74,195,1.2666966908592354,25.033783783783782
Michael Fulmer,13218,Tigers,P,3.5,75,210,1.2666966908592354,26.245333333333335
Zack Godley,14862,Diamondbacks,P,3.5,75,240,1.2666966908592354,29.994666666666667
Yu Darvish,13074,- - -,P,3.5,77,220,1.2666966908592354,26.085343228200372
Marcus Stroman,13431,Blue Jays,P,3.4,68,180,1.2045448599166022,27.3659169550173
Brad Peacock,5401,Astros,P,3.4,73,210,1.2045448599166022,27.70313379620942
Danny Duffy,3542,Royals,P,3.4,75,205,1.2045448599166022,25.620444444444445
Alex Wood,13781,Dodgers,P,3.4,76,215,1.2045448599166022,26.167763157894736
Justin Smoak,9054,Blue Jays,1B,3.4,76,220,1.2045448599166022,26.776315789473685
Travis Shaw,11982,Brewers,3B,3.4,76,230,1.2045448599166022,27.99342105263158
Cesar Hernandez,10556,Phillies,2B,3.3,70,160,1.142393028973969,22.955102040816328
Dee Gordon,8203,Marlins,2B,3.3,71,170,1.142393028973969,23.70759769886927
Carlos Martinez,11682,Cardinals,P,3.3,72,190,1.142393028973969,25.765817901234566
Gio Gonzalez,7448,Nationals,P,3.3,72,205,1.142393028973969,27.799961419753085
Craig Kimbrel,6655,Red Sox,P,3.3,72,210,1.142393028973969,28.47800925925926
Chase Anderson,6895,Brewers,P,3.3,73,200,1.142393028973969,26.383936948770877
Aaron Hicks,5297,Yankees,CF/LF,3.3,73,202,1.142393028973969,26.647776318258586
Ryan Zimmerman,4220,Nationals,1B,3.3,75,225,1.142393028973969,28.12
Logan Morrison,9205,Rays,1B,3.3,75,245,1.142393028973969,30.619555555555557
Domingo Santana,10348,Brewers,RF,3.3,77,220,1.142393028973969,26.085343228200372
Charlie Morton,4676,Astros,P,3.3,77,235,1.142393028973969,27.863889357395852
Robinson Cano,3269,Mariners,2B,3.2,72,210,1.0802411980313358,28.47800925925926
Trevor Bauer,12703,Indians,P,3.2,73,190,1.0802411980313358,25.064740101332333
Willson Contreras,11609,Cubs,C,3.2,73,210,1.0802411980313358,27.70313379620942
Xander Bogaerts,12161,Red Sox,SS,3.2,73,210,1.0802411980313358,27.70313379620942
Robbie Ray,11486,Diamondbacks,P,3.2,74,195,1.0802411980313358,25.033783783783782
Jon Gray,14916,Rockies,P,3.2,76,235,1.0802411980313358,28.601973684210527
Michael Wacha,14078,Cardinals,P,3.2,78,215,1.0802411980313358,24.843030900723207
Mike Leake,10130,- - -,P,3.1,70,170,1.0180893670887026,24.389795918367348
Adrian Beltre,639,Rangers,3B/DH,3.1,71,220,1.0180893670887026,30.68042055147788
Whit Merrifield,11281,Royals,2B,3.1,72,195,1.0180893670887026,26.44386574074074
Michael Taylor,11489,Nationals,CF,3.1,75,210,1.0180893670887026,26.245333333333335
Gerrit Cole,13125,Pirates,P,3.1,76,225,1.0180893670887026,27.38486842105263
Drew Pomeranz,11426,Red Sox,P,3.1,78,240,1.0180893670887026,27.731755424063117
Ender Inciarte,4922,Braves,CF,3,71,190,0.9559375361460692,26.496726839912714
Carlos Santana,2396,Indians,1B,3,71,210,0.9559375361460692,29.28585598095616
Trea Turner,16252,Nationals,SS,3,73,185,0.9559375361460692,24.40514167761306
Paul DeJong,18015,Cardinals,SS,3,73,195,0.9559375361460692,25.724338525051603
Lance McCullers,14120,Astros,P,3,73,205,0.9559375361460692,27.043535372490147
Kevin Kiermaier,11038,Rays,CF,3,73,215,0.9559375361460692,28.36273221992869
Roberto Osuna,13764,Blue Jays,P,3,74,215,0.9559375361460692,27.60135135135135
Patrick Corbin,9323,Diamondbacks,P,3,75,210,0.9559375361460692,26.245333333333335
Todd Frazier,785,- - -,3B,3,75,220,0.9559375361460692,27.49511111111111
Jean Segura,5933,Mariners,SS,2.9,70,205,0.893785705203436,29.41122448979592
Ervin Santana,3200,Twins,P,2.9,74,175,0.893785705203436,22.466216216216218
Yasiel Puig,14225,Dodgers,RF,2.9,74,240,0.893785705203436,30.81081081081081
Matt Carpenter,8090,Cardinals,1B,2.9,75,205,0.893785705203436,25.620444444444445
J.A. Happ,7410,Blue Jays,P,2.9,77,205,0.893785705203436,24.306797099004893
Jameson Taillon,11674,Pirates,P,2.9,77,225,0.893785705203436,26.678191937932198
Joey Gallo,14128,Rangers,1B/3B,2.9,77,235,0.893785705203436,27.863889357395852
Sonny Gray,12768,- - -,P,2.8,70,190,0.8316338742608027,27.259183673469387
Odubel Herrera,11476,Phillies,CF,2.8,71,205,0.8316338742608027,28.5885736956953
Zach Davies,13183,Brewers,P,2.8,72,155,0.8316338742608027,21.019483024691358
Jose Berrios,14168,Twins,P,2.8,72,185,0.8316338742608027,25.087770061728396
Manny Machado,11493,Orioles,3B,2.8,75,185,0.8316338742608027,23.12088888888889
Corey Knebel,15010,Brewers,P,2.8,76,220,0.8316338742608027,26.776315789473685
Welington Castillo,3256,Orioles,C,2.7,70,220,0.7694820433181696,31.56326530612245
Kurt Suzuki,8259,Braves,C,2.7,71,205,0.7694820433181696,28.5885736956953
Matt Chapman,16505,Athletics,3B,2.7,72,210,0.7694820433181696,28.47800925925926
Dylan Bundy,12917,Orioles,P,2.7,73,200,0.7694820433181696,26.383936948770877
Masahiro Tanaka,15764,Yankees,P,2.7,75,215,0.7694820433181696,26.87022222222222
Jay Bruce,9892,- - -,RF,2.7,75,225,0.7694820433181696,28.12
Jon Lester,4930,Cubs,P,2.7,76,240,0.7694820433181696,29.210526315789473
Dexter Fowler,4062,Cardinals,CF,2.7,77,195,0.7694820433181696,23.12109967954124
Jordan Montgomery,16511,Yankees,P,2.7,78,225,0.7694820433181696,25.99852071005917
Josh Harrison,8202,Pirates,2B/3B,2.6,68,180,0.7073302123755364,27.3659169550173
Marco Estrada,1118,Blue Jays,P,2.6,72,180,0.7073302123755364,24.40972222222222
Corey Dickerson,10762,Rays,LF/DH,2.6,73,200,0.7073302123755364,26.383936948770877
Rich Hill,4806,Dodgers,P,2.6,77,220,0.7073302123755364,26.085343228200372
Austin Barnes,12158,Dodgers,C/2B,2.5,70,190,0.6451783814329031,27.259183673469387
Jedd Gyorko,10816,Cardinals,3B,2.5,70,215,0.6451783814329031,30.84591836734694
Alex Avila,7476,- - -,C,2.5,71,210,0.6451783814329031,29.28585598095616
Eddie Rosario,12155,Twins,LF,2.5,73,180,0.6451783814329031,23.74554325389379
Edwin Encarnacion,2151,Indians,DH,2.5,73,230,0.6451783814329031,30.34152749108651
Yasmani Grandal,11368,Dodgers,C,2.5,73,235,0.6451783814329031,31.00112591480578
Evan Longoria,9368,Rays,3B,2.5,74,210,0.6451783814329031,26.95945945945946
Mitch Haniger,14274,Mariners,RF,2.5,74,215,0.6451783814329031,27.60135135135135
Kevin Gausman,14107,Orioles,P,2.5,75,190,0.6451783814329031,23.74577777777778
Kyle Hendricks,12049,Cubs,P,2.5,75,190,0.6451783814329031,23.74577777777778
Dallas Keuchel,9434,Astros,P,2.5,75,205,0.6451783814329031,25.620444444444445
Jake Lamb,13329,Diamondbacks,3B,2.5,75,215,0.6451783814329031,26.87022222222222
Pat Neshek,4682,- - -,P,2.5,75,220,0.6451783814329031,27.49511111111111
Taijuan Walker,11836,Diamondbacks,P,2.5,76,235,0.6451783814329031,28.601973684210527
Tyler Flowers,9134,Braves,C,2.5,76,260,0.6451783814329031,31.644736842105264
Scooter Gennett,10339,Reds,2B,2.4,70,185,0.5830265504902697,26.541836734693877
Ian Kinsler,6195,Tigers,2B,2.4,72,200,0.5830265504902697,27.121913580246915
German Marquez,15038,Rockies,P,2.4,73,185,0.5830265504902697,24.40514167761306
Yonder Alonso,2530,- - -,1B,2.4,73,230,0.5830265504902697,30.34152749108651
Matt Joyce,3353,Athletics,RF,2.4,74,205,0.5830265504902697,26.31756756756757
Tanner Roark,8753,Nationals,P,2.4,74,235,0.5830265504902697,30.16891891891892
Alex Cobb,6562,Rays,P,2.4,75,205,0.5830265504902697,25.620444444444445
Chad Green,15552,Yankees,P,2.4,75,210,0.5830265504902697,26.245333333333335
Jake Arrieta,4153,Cubs,P,2.4,76,225,0.5830265504902697,27.38486842105263
Brandon McCarthy,4662,Dodgers,P,2.4,79,235,0.5830265504902697,26.470918122095817
Delino DeShields,11379,Rangers,CF/LF,2.3,69,200,0.5208747195476364,29.531611006091158
Khris Davis,9112,Athletics,LF,2.3,70,195,0.5208747195476364,27.976530612244897
Jackie Bradley Jr.,12984,Red Sox,CF,2.3,70,200,0.5208747195476364,28.693877551020407
Robinson Chirinos,3142,Rangers,C,2.3,73,210,0.5208747195476364,27.70313379620942
Jhoulys Chacin,2608,Padres,P,2.3,75,215,0.5208747195476364,26.87022222222222
Carlos Gomez,4881,Rangers,CF,2.3,75,220,0.5208747195476364,27.49511111111111
Miguel Sano,12164,Twins,3B,2.3,76,260,0.5208747195476364,31.644736842105264
Brandon Belt,10264,Giants,1B,2.3,77,220,0.5208747195476364,26.085343228200372
Joe Mauer,1857,Twins,1B,2.3,77,225,0.5208747195476364,26.678191937932198
Clayton Richard,3551,Padres,P,2.3,77,240,0.5208747195476364,28.456738067127677
Sean Manaea,15873,Athletics,P,2.3,77,245,0.5208747195476364,29.049586776859503
Andrew Miller,6785,Indians,P,2.3,79,205,0.5208747195476364,23.091651978849544
Andrew Benintendi,17901,Red Sox,LF,2.2,70,170,0.45872288860500343,24.389795918367348
Kole Calhoun,11200,Angels,RF,2.2,70,205,0.45872288860500343,29.41122448979592
Javier Baez,12979,Cubs,2B/SS,2.2,72,190,0.45872288860500343,25.765817901234566
Eduardo Nunez,6848,- - -,3B,2.2,72,195,0.45872288860500343,26.44386574074074
Danny Salazar,5867,Indians,P,2.2,72,195,0.45872288860500343,26.44386574074074
Mike Moustakas,4892,Royals,3B,2.2,72,215,0.45872288860500343,29.156057098765434
Chris Iannetta,8267,Diamondbacks,C,2.2,72,230,0.45872288860500343,31.19020061728395
Josh Tomlin,9388,Indians,P,2.2,73,190,0.45872288860500343,25.064740101332333
Yusmeiro Petit,4020,Angels,P,2.2,73,255,0.45872288860500343,33.639519609682864
Trevor Williams,16977,Pirates,P,2.2,75,230,0.45872288860500343,28.744888888888887
Justin Bour,9744,Marlins,1B,2.2,75,265,0.45872288860500343,33.11911111111111
Mike Clevinger,12808,Indians,P,2.2,76,210,0.45872288860500343,25.55921052631579
Anthony Swarzak,7466,- - -,P,2.2,76,215,0.45872288860500343,26.167763157894736
Rhys Hoskins,16472,Phillies,1B/LF,2.2,76,225,0.45872288860500343,27.38486842105263
Kolten Wong,12532,Cardinals,2B,2.1,69,185,0.39657105766237016,27.31674018063432
Jarrod Dyson,4866,Mariners,CF,2.1,70,165,0.39657105766237016,23.672448979591838
Yolmer Sanchez,11602,White Sox,2B/3B,2.1,71,185,0.39657105766237016,25.799444554651856
Yadier Molina,7007,Cardinals,C,2.1,71,205,0.39657105766237016,28.5885736956953
Eric Thames,3711,Brewers,1B,2.1,72,210,0.39657105766237016,28.47800925925926
Jose Pirela,5485,Padres,LF,2.1,72,220,0.39657105766237016,29.834104938271604
A.J. Pollock,9256,Diamondbacks,CF,2.1,73,195,0.39657105766237016,25.724338525051603
Curtis Granderson,4747,- - -,RF/CF,2.1,73,200,0.39657105766237016,26.383936948770877
Tommy Kahnle,11384,- - -,P,2.1,73,235,0.39657105766237016,31.00112591480578
Felipe Rivero,12076,Pirates,P,2.1,74,210,0.39657105766237016,26.95945945945946
Jaime Garcia,8137,- - -,P,2.1,74,215,0.39657105766237016,27.60135135135135
Eduardo Rodriguez,13164,Red Sox,P,2.1,74,220,0.39657105766237016,28.243243243243242
Neil Walker,7539,- - -,2B,2.1,75,210,0.39657105766237016,26.245333333333335
Salvador Perez,7304,Royals,C,2.1,75,240,0.39657105766237016,29.994666666666667
Mike Minor,10021,Royals,P,2.1,76,210,0.39657105766237016,25.55921052631579
Archie Bradley,12918,Diamondbacks,P,2.1,76,225,0.39657105766237016,27.38486842105263
Jason Hammel,4538,Royals,P,2.1,78,225,0.39657105766237016,25.99852071005917
Tucker Barnhart,10200,Reds,C,2,71,190,0.33441922671973684,26.496726839912714
Jose Reyes,1736,Mets,SS,2,72,195,0.33441922671973684,26.44386574074074
Manny Pina,2829,Brewers,C,2,72,215,0.33441922671973684,29.156057098765434
Kenta Maeda,18498,Dodgers,P,2,73,175,0.33441922671973684,23.085944830174515
Joe Panik,11936,Giants,2B,2,73,190,0.33441922671973684,25.064740101332333
Brandon Crawford,5343,Giants,SS,2,74,215,0.33441922671973684,27.60135135135135
Dan Straily,9460,Marlins,P,2,74,220,0.33441922671973684,28.243243243243242
Kyle Freeland,16256,Rockies,P,2,75,170,0.33441922671973684,21.246222222222222
Rick Porcello,2717,Red Sox,P,2,77,205,0.33441922671973684,24.306797099004893
Matt Olson,14344,Athletics,1B,2,77,230,0.33441922671973684,27.271040647664023
Ozzie Albies,16556,Braves,2B,1.9,69,160,0.2722673957771035,23.625288804872927
Dustin Pedroia,8370,Red Sox,2B,1.9,69,175,0.2722673957771035,25.84015963032976
Manuel Margot,14712,Padres,CF,1.9,71,180,0.2722673957771035,25.102162269390995
David Robertson,8241,- - -,P,1.9,71,195,0.2722673957771035,27.194009125173576
Martin Perez,6902,Rangers,P,1.9,72,200,0.2722673957771035,27.121913580246915
Kevin Pillar,12434,Blue Jays,CF,1.9,72,205,0.2722673957771035,27.799961419753085
Ken Giles,12910,Astros,P,1.9,74,205,0.2722673957771035,26.31756756756757
Chase Headley,4720,Yankees,1B/3B,1.9,74,215,0.2722673957771035,27.60135135135135
Starlin Castro,4579,Yankees,2B,1.9,74,230,0.2722673957771035,29.527027027027028
Matt Boyd,15440,Tigers,P,1.9,75,215,0.2722673957771035,26.87022222222222
Chad Kuhl,14975,Pirates,P,1.9,75,216,0.2722673957771035,26.9952
Blake Snell,13543,Rays,P,1.9,76,180,0.2722673957771035,21.907894736842106
Jerad Eickhoff,12664,Phillies,P,1.9,76,245,0.2722673957771035,29.81907894736842
Ivan Nova,1994,Pirates,P,1.9,77,245,0.2722673957771035,29.049586776859503
Ryan Madson,1852,- - -,P,1.9,78,225,0.2722673957771035,25.99852071005917
Andrew Cashner,8782,Rangers,P,1.9,78,235,0.2722673957771035,27.154010519395136
CC Sabathia,404,Yankees,P,1.9,78,300,0.2722673957771035,34.6646942800789
Russell Martin,4616,Blue Jays,C,1.8,70,205,0.2101155648344704,29.41122448979592
Nick Vincent,7555,Mariners,P,1.8,72,185,0.2101155648344704,25.087770061728396
Yulieski Gurriel,19198,Astros,1B,1.8,72,190,0.2101155648344704,25.765817901234566
Ian Happ,17919,Cubs,2B/CF,1.8,72,205,0.2101155648344704,27.799961419753085
Austin Jackson,9848,Indians,CF/LF,1.8,73,205,0.2101155648344704,27.043535372490147
David Peralta,2136,Diamondbacks,RF/LF,1.8,73,210,0.2101155648344704,27.70313379620942
Adam Duvall,10950,Reds,LF,1.8,73,215,0.2101155648344704,28.36273221992869
Raisel Iglesias,17130,Reds,P,1.8,74,188,0.2101155648344704,24.135135135135137
Joe Smith,3281,- - -,P,1.8,74,205,0.2101155648344704,26.31756756756757
Yan Gomes,9627,Indians,C,1.8,74,215,0.2101155648344704,27.60135135135135
Trey Mancini,15149,Orioles,1B/LF,1.8,76,215,0.2101155648344704,26.167763157894736
DJ LeMahieu,9874,Rockies,2B,1.8,76,215,0.2101155648344704,26.167763157894736
Mike Foltynewicz,10811,Braves,P,1.8,76,220,0.2101155648344704,26.776315789473685
Marcus Semien,12533,Athletics,SS,1.7,72,195,0.1479637338918371,26.44386574074074
Logan Forsythe,7185,Dodgers,2B/3B,1.7,73,205,0.1479637338918371,27.043535372490147
Luis Castillo,15689,Reds,P,1.7,74,190,0.1479637338918371,24.39189189189189
Sean Doolittle,1581,- - -,P,1.7,74,210,0.1479637338918371,26.95945945945946
Adam Jones,6368,Orioles,CF,1.7,74,215,0.1479637338918371,27.60135135135135
Joakim Soria,6941,Royals,P,1.7,75,200,0.1479637338918371,24.995555555555555
Brad Hand,9111,Padres,P,1.7,75,228,0.1479637338918371,28.494933333333332
Nick Castellanos,11737,Tigers,3B,1.7,76,210,0.1479637338918371,25.55921052631579
Seth Lugo,12447,Mets,P,1.7,76,225,0.1479637338918371,27.38486842105263
Madison Bumgarner,5524,Giants,P,1.7,77,250,0.1479637338918371,29.64243548659133
Christian Vazquez,9774,Red Sox,C,1.6,69,195,0.08581190294920392,28.793320730938877
Eduardo Escobar,6153,Twins,3B,1.6,70,185,0.08581190294920392,26.541836734693877
Freddy Galvis,6609,Phillies,SS,1.6,70,185,0.08581190294920392,26.541836734693877
Yoenis Cespedes,13110,Mets,LF,1.6,70,220,0.08581190294920392,31.56326530612245
Jose Iglesias,10231,Tigers,SS,1.6,71,185,0.08581190294920392,25.799444554651856
Ben Gamel,12160,Mariners,RF/LF,1.6,71,185,0.08581190294920392,25.799444554651856
Jon Jay,5227,Cubs,CF/LF,1.6,71,195,0.08581190294920392,27.194009125173576
Jorge Polanco,13152,Twins,SS,1.6,71,200,0.08581190294920392,27.891291410434437
Howie Kendrick,4229,- - -,LF,1.6,71,220,0.08581190294920392,30.68042055147788
Brandon Phillips,791,- - -,2B,1.6,72,211,0.08581190294920392,28.613618827160494
Jason Vargas,8044,Royals,P,1.6,72,215,0.08581190294920392,29.156057098765434
Jacoby Ellsbury,4727,Yankees,CF,1.6,73,195,0.08581190294920392,25.724338525051603
Mikie Mahtook,13130,Tigers,CF,1.6,73,200,0.08581190294920392,26.383936948770877
Bryan Shaw,8110,Indians,P,1.6,73,220,0.08581190294920392,29.022330643647965
Luis Perdomo,14682,Padres,P,1.6,74,185,0.08581190294920392,23.75
Michael Brantley,4106,Indians,LF,1.6,74,200,0.08581190294920392,25.675675675675677
David Freese,9549,Pirates,3B,1.6,74,220,0.08581190294920392,28.243243243243242
Alex Claudio,12890,Rangers,P,1.6,75,180,0.08581190294920392,22.496
R.A. Dickey,1245,Braves,P,1.6,75,215,0.08581190294920392,26.87022222222222
Jason Castro,8722,Twins,C,1.6,75,215,0.08581190294920392,26.87022222222222
Blake Parker,5224,Angels,P,1.6,75,225,0.08581190294920392,28.12
Brian McCann,4810,Astros,C,1.6,75,225,0.08581190294920392,28.12
Matt Adams,9393,- - -,1B,1.6,75,260,0.08581190294920392,32.49422222222222
Aroldis Chapman,10233,Yankees,P,1.6,76,215,0.08581190294920392,26.167763157894736
Brent Suter,13942,Brewers,P,1.6,77,195,0.08581190294920392,23.12109967954124
Bradley Zimmer,16221,Indians,CF,1.6,77,220,0.08581190294920392,26.085343228200372
Jose Martinez,7996,Cardinals,1B/LF,1.6,78,215,0.08581190294920392,24.843030900723207
Dominic Leone,13763,Blue Jays,P,1.5,71,210,0.02366007200657062,29.28585598095616
Omar Narvaez,13338,White Sox,C,1.5,71,215,0.02366007200657062,29.983138266217022
Derek Dietrich,10542,Marlins,3B,1.5,72,205,0.02366007200657062,27.799961419753085
Kyle Schwarber,16478,Cubs,LF,1.5,72,235,0.02366007200657062,31.868248456790123
Cody Allen,12183,Indians,P,1.5,73,210,0.02366007200657062,27.70313379620942
Juan Lagares,5384,Mets,CF,1.5,73,215,0.02366007200657062,28.36273221992869
Ryan Braun,3410,Brewers,LF,1.5,74,205,0.02366007200657062,26.31756756756757
James McCann,12859,Tigers,C,1.5,74,210,0.02366007200657062,26.95945945945946
Jake McGee,7550,Rockies,P,1.5,75,230,0.02366007200657062,28.744888888888887
Cole Hamels,4972,Rangers,P,1.5,76,205,0.02366007200657062,24.950657894736842
David Price,3184,Red Sox,P,1.5,77,215,0.02366007200657062,25.492494518468543
Adam Wainwright,2233,Cardinals,P,1.5,79,235,0.02366007200657062,26.470918122095817
Miguel Rojas,7802,Marlins,SS,1.4,71,195,-0.03849175893606268,27.194009125173576
Fernando Rodney,494,Diamondbacks,P,1.4,71,230,-0.03849175893606268,32.0749851219996
Addison Russell,14106,Cubs,SS,1.4,72,200,-0.03849175893606268,27.121913580246915
Scott Schebler,12225,Reds,RF,1.4,72,225,-0.03849175893606268,30.51215277777778
Miguel Gonzalez,7024,- - -,P,1.4,73,170,-0.03849175893606268,22.426346406455245
Antonio Senzatela,15488,Rockies,P,1.4,73,180,-0.03849175893606268,23.74554325389379
Randal Grichuk,10243,Cardinals,RF/LF,1.4,73,205,-0.03849175893606268,27.043535372490147
Luke Weaver,16918,Cardinals,P,1.4,74,170,-0.03849175893606268,21.824324324324323
Lonnie Chisenhall,7571,Indians,RF,1.4,74,190,-0.03849175893606268,24.39189189189189
Chris Devenski,12763,Astros,P,1.4,75,210,-0.03849175893606268,26.245333333333335
Jordy Mercer,6547,Pirates,SS,1.4,75,210,-0.03849175893606268,26.245333333333335
Jake Marisnick,11339,Astros,CF,1.4,76,220,-0.03849175893606268,26.776315789473685
Juan Nicasio,7731,- - -,P,1.4,76,252,-0.03849175893606268,30.67105263157895
Joe Biagini,13194,Blue Jays,P,1.4,77,240,-0.03849175893606268,28.456738067127677
Lance Lynn,2520,Cardinals,P,1.4,77,280,-0.03849175893606268,33.19952774498229
Doug Fister,9425,Red Sox,P,1.4,80,210,-0.03849175893606268,23.0671875
Enrique Hernandez,10472,Dodgers,CF,1.3,71,200,-0.10064358987869584,27.891291410434437
Rafael Montero,12760,Mets,P,1.3,72,185,-0.10064358987869584,25.087770061728396
Adeiny Hechavarria,10459,- - -,SS,1.3,72,195,-0.10064358987869584,26.44386574074074
Asdrubal Cabrera,4962,Mets,2B/3B/SS,1.3,72,205,-0.10064358987869584,27.799961419753085
Chase Utley,1679,Dodgers,2B,1.3,73,195,-0.10064358987869584,25.724338525051603
Trevor Story,12564,Rockies,SS,1.3,73,210,-0.10064358987869584,27.70313379620942
Daniel Norris,13475,Tigers,P,1.3,74,195,-0.10064358987869584,25.033783783783782
Dinelson Lamet,17186,Padres,P,1.3,76,187,-0.10064358987869584,22.75986842105263
Jesse Hahn,13287,Athletics,P,1.3,76,215,-0.10064358987869584,26.167763157894736
Jake Faria,13699,Rays,P,1.3,76,235,-0.10064358987869584,28.601973684210527
Aaron Altherr,11270,Phillies,RF/LF,1.3,77,215,-0.10064358987869584,25.492494518468543
Mike Montgomery,4869,Cubs,P,1.3,77,215,-0.10064358987869584,25.492494518468543
Blake Treinen,12572,- - -,P,1.3,77,225,-0.10064358987869584,26.678191937932198
Sean Newcomb,16943,Braves,P,1.3,77,255,-0.10064358987869584,30.235284196323157
Sal Romano,13690,Reds,P,1.3,77,270,-0.10064358987869584,32.01383032551864
Johnny Cueto,6893,Giants,P,1.2,71,220,-0.16279542082132914,30.68042055147788
Johan Camargo,14950,Braves,3B/SS,1.2,72,160,-0.16279542082132914,21.69753086419753
Edubray Ramos,16086,Phillies,P,1.2,72,160,-0.16279542082132914,21.69753086419753
Billy Hamilton,10199,Reds,CF,1.2,72,160,-0.16279542082132914,21.69753086419753
Orlando Arcia,13185,Brewers,SS,1.2,72,165,-0.16279542082132914,22.375578703703702
Jonathan Lucroy,7870,- - -,C,1.2,72,200,-0.16279542082132914,27.121913580246915
Denard Span,8347,Giants,CF,1.2,72,210,-0.16279542082132914,28.47800925925926
Mychal Givens,10430,Orioles,P,1.2,72,210,-0.16279542082132914,28.47800925925926
Starling Marte,9241,Pirates,CF/LF,1.2,73,190,-0.16279542082132914,25.064740101332333
Alex Colome,6661,Rays,P,1.2,73,220,-0.16279542082132914,29.022330643647965
Adam Warren,9029,Yankees,P,1.2,73,225,-0.16279542082132914,29.681929067367236
Albert Almora Jr.,14109,Cubs,CF,1.2,74,190,-0.16279542082132914,24.39189189189189
Ty Blach,14361,Giants,P,1.2,74,200,-0.16279542082132914,25.675675675675677
Kendall Graveman,15514,Athletics,P,1.2,74,200,-0.16279542082132914,25.675675675675677
Brandon Drury,11615,Diamondbacks,2B,1.2,74,210,-0.16279542082132914,26.95945945945946
Chris Gimenez,7324,Twins,C,1.2,74,230,-0.16279542082132914,29.527027027027028
Cameron Maybin,5223,- - -,CF/LF,1.2,75,215,-0.16279542082132914,26.87022222222222
Luis Garcia,6984,Phillies,P,1.2,75,230,-0.16279542082132914,28.744888888888887
Tommy Hunter,1157,Rays,P,1.2,75,250,-0.16279542082132914,31.244444444444444
Max Kepler,12144,Twins,RF,1.2,76,205,-0.16279542082132914,24.950657894736842
Randall Delgado,5985,Diamondbacks,P,1.2,76,220,-0.16279542082132914,26.776315789473685
Dellin Betances,6216,Yankees,P,1.2,80,265,-0.16279542082132914,29.10859375
Leury Garcia,5913,White Sox,CF/LF,1.1,68,170,-0.2249472517639623,25.845588235294116
Eric Sogard,7927,Brewers,2B/SS,1.1,69,180,-0.2249472517639623,26.578449905482042
Adam Frazier,15223,Pirates,2B/LF,1.1,69,185,-0.2249472517639623,27.31674018063432
Greg Holland,7196,Rockies,P,1.1,70,205,-0.2249472517639623,29.41122448979592
Erasmo Ramirez,10314,- - -,P,1.1,70,215,-0.2249472517639623,30.84591836734694
Daniel Nava,5450,Phillies,LF,1.1,71,200,-0.2249472517639623,27.891291410434437
Yangervis Solarte,5352,Padres,2B,1.1,71,205,-0.2249472517639623,28.5885736956953
Tyler Chatwood,4338,Rockies,P,1.1,72,185,-0.2249472517639623,25.087770061728396
Cory Spangenberg,12294,Padres,3B,1.1,72,195,-0.2249472517639623,26.44386574074074
Martin Maldonado,6887,Angels,C,1.1,72,230,-0.2249472517639623,31.19020061728395
Scott Alexander,10591,Royals,P,1.1,74,190,-0.2249472517639623,24.39189189189189
Collin McHugh,7531,Astros,P,1.1,74,190,-0.2249472517639623,24.39189189189189
Chris Rusin,9895,Rockies,P,1.1,74,195,-0.2249472517639623,25.033783783783782
Julio Teheran,6797,Braves,P,1.1,74,205,-0.2249472517639623,26.31756756756757
Justin Wilson,4301,- - -,P,1.1,74,205,-0.2249472517639623,26.31756756756757
Hector Neris,11804,Phillies,P,1.1,74,215,-0.2249472517639623,27.60135135135135
Jordan Zimmermann,4505,Tigers,P,1.1,74,225,-0.2249472517639623,28.885135135135137
Brandon Nimmo,12927,Mets,LF,1.1,75,207,-0.2249472517639623,25.8704
Brett Cecil,2660,Cardinals,P,1.1,75,235,-0.2249472517639623,29.369777777777777
David Hernandez,4259,- - -,P,1.1,75,245,-0.2249472517639623,30.619555555555557
Tyler Anderson,12880,Rockies,P,1.1,76,210,-0.2249472517639623,25.55921052631579
JC Ramirez,8302,Angels,P,1.1,76,250,-0.2249472517639623,30.42763157894737
Lucas Duda,2502,- - -,1B,1.1,76,255,-0.2249472517639623,31.036184210526315
Nick Pivetta,15454,Phillies,P,1.1,77,220,-0.2249472517639623,26.085343228200372
Wade Davis,7441,Cubs,P,1.1,77,225,-0.2249472517639623,26.678191937932198
Jeff Hoffman,17432,Rockies,P,1.1,77,225,-0.2249472517639623,26.678191937932198
Joe Musgrove,12970,Astros,P,1.1,77,265,-0.2249472517639623,31.42098161578681
Brad Brach,6627,Orioles,P,1.1,78,215,-0.2249472517639623,24.843030900723207
Kyle Gibson,10123,Twins,P,1.1,78,215,-0.2249472517639623,24.843030900723207
Michael Pineda,5372,Yankees,P,1.1,79,260,-0.2249472517639623,29.286973241467713
Rene Rivera,3648,- - -,C,1,70,215,-0.2870990827065956,30.84591836734694
Wilmer Difo,14320,Nationals,2B/SS,1,71,200,-0.2870990827065956,27.891291410434437
Liam Hendriks,3548,Athletics,P,1,72,200,-0.2870990827065956,27.121913580246915
Edinson Volquez,3990,Marlins,P,1,72,220,-0.2870990827065956,29.834104938271604
Pedro Strop,4070,Cubs,P,1,73,220,-0.2870990827065956,29.022330643647965
Ryan Tepera,10291,Blue Jays,P,1,74,195,-0.2870990827065956,25.033783783783782
Edwin Diaz,14710,Mariners,P,1,75,165,-0.2870990827065956,20.621333333333332
Adalberto Mejia,13188,Twins,P,1,75,195,-0.2870990827065956,24.370666666666665
Matt Moore,1890,Giants,P,1,75,210,-0.2870990827065956,26.245333333333335
Parker Bridwell,11502,Angels,P,1,76,185,-0.2870990827065956,22.51644736842105
Tyler Lyons,11334,Cardinals,P,1,76,210,-0.2870990827065956,25.55921052631579
Matt Barnes,12863,Red Sox,P,1,76,210,-0.2870990827065956,25.55921052631579
Matt Garza,3340,Brewers,P,1,76,220,-0.2870990827065956,26.776315789473685
Addison Reed,10586,- - -,P,1,76,230,-0.2870990827065956,27.99342105263158
Alex Meyer,12833,Angels,P,1,81,225,-0.2870990827065956,24.108367626886146
Brandon Kintzler,9939,- - -,P,0.9,72,190,-0.34925091364922883,25.765817901234566
Rafael Devers,17350,Red Sox,3B,0.9,72,195,-0.34925091364922883,26.44386574074074
Ketel Marte,13613,Diamondbacks,SS,0.9,73,165,-0.34925091364922883,21.76674798273597
Jorge Bonifacio,12174,Royals,RF,0.9,73,195,-0.34925091364922883,25.724338525051603
Francisco Cervelli,5275,Pirates,C,0.9,73,210,-0.34925091364922883,27.70313379620942
Nick Markakis,5930,Braves,RF,0.9,73,215,-0.34925091364922883,28.36273221992869
Adam Lind,8027,Nationals,1B/LF,0.9,74,195,-0.34925091364922883,25.033783783783782
Yoan Moncada,17232,White Sox,2B,0.9,74,205,-0.34925091364922883,26.31756756756757
Jakob Junis,13619,Royals,P,0.9,74,225,-0.34925091364922883,28.885135135135137
Mitch Moreland,3086,Red Sox,1B,0.9,74,230,-0.34925091364922883,29.527027027027028
Carl Edwards Jr.,13607,Cubs,P,0.9,75,170,-0.34925091364922883,21.246222222222222
Wil Myers,10047,Padres,1B,0.9,75,205,-0.34925091364922883,25.620444444444445
Wilmer Flores,5827,Mets,1B/3B,0.9,75,205,-0.34925091364922883,25.620444444444445
Jesus Aguilar,11342,Brewers,1B,0.9,75,250,-0.34925091364922883,31.244444444444444
Tyler Skaggs,10190,Angels,P,0.9,76,215,-0.34925091364922883,26.167763157894736
Evan Gattis,11003,Astros,C/DH,0.9,76,270,-0.34925091364922883,32.86184210526316
Jason Heyward,4940,Cubs,RF,0.9,77,240,-0.34925091364922883,28.456738067127677
Carlos Asuaje,15197,Padres,2B,0.8,69,158,-0.41140274459186205,23.329972694812014
Mallex Smith,13608,Rays,CF/LF,0.8,69,180,-0.41140274459186205,26.578449905482042
Luis Valbuena,4969,Angels,1B/3B,0.8,70,215,-0.41140274459186205,30.84591836734694
Shin-Soo Choo,3174,Rangers,RF/DH,0.8,71,210,-0.41140274459186205,29.28585598095616
Gerardo Parra,8553,Rockies,LF,0.8,71,210,-0.41140274459186205,29.28585598095616
Wade Miley,8779,Orioles,P,0.8,72,220,-0.41140274459186205,29.834104938271604
T.J. Rivera,12495,Mets,1B/3B,0.8,73,203,-0.41140274459186205,26.77969600300244
Matt Albers,4300,Nationals,P,0.8,73,225,-0.41140274459186205,29.681929067367236
Scott Oberg,13911,Rockies,P,0.8,74,205,-0.41140274459186205,26.31756756756757
Travis d'Arnaud,7739,Mets,C,0.8,74,210,-0.41140274459186205,26.95945945945946
Yunel Escobar,4191,Angels,3B,0.8,74,215,-0.41140274459186205,27.60135135135135
Mark Reynolds,7619,Rockies,1B,0.8,74,220,-0.41140274459186205,28.243243243243242
Francisco Liriano,3201,- - -,P,0.8,74,225,-0.41140274459186205,28.885135135135137
Josh Bell,13145,Pirates,1B,0.8,74,230,-0.41140274459186205,29.527027027027028
Cameron Rupp,11146,Phillies,C,0.8,74,260,-0.41140274459186205,33.37837837837838
Nick Williams,14330,Phillies,RF,0.8,75,195,-0.41140274459186205,24.370666666666665
Emilio Pagan,14771,Mariners,P,0.8,75,210,-0.41140274459186205,26.245333333333335
Brett Anderson,8223,- - -,P,0.8,75,230,-0.41140274459186205,28.744888888888887
Hyun-Jin Ryu,14444,Dodgers,P,0.8,75,250,-0.41140274459186205,31.244444444444444
Ben Lively,14932,Phillies,P,0.8,76,190,-0.41140274459186205,23.125
Darren O'Day,3321,Orioles,P,0.8,76,220,-0.41140274459186205,26.776315789473685
Hunter Strickland,7836,Giants,P,0.8,76,220,-0.41140274459186205,26.776315789473685
Sam Freeman,6832,Braves,P,0.7,71,180,-0.47355457553449537,25.102162269390995
Ezequiel Carrera,9048,Blue Jays,LF,0.7,71,185,-0.47355457553449537,25.799444554651856
Jason Kipnis,9776,Indians,2B,0.7,71,195,-0.47355457553449537,27.194009125173576
Nick Goody,13685,Indians,P,0.7,71,195,-0.47355457553449537,27.194009125173576
Matt Bowman,13528,Cardinals,P,0.7,72,175,-0.47355457553449537,23.73167438271605
Greg Garcia,10951,Cardinals,2B/3B,0.7,72,190,-0.47355457553449537,25.765817901234566
Brian Duensing,4064,Cubs,P,0.7,72,200,-0.47355457553449537,27.121913580246915
Odrisamer Despaigne,16017,Marlins,P,0.7,72,200,-0.47355457553449537,27.121913580246915
Arodys Vizcaino,5498,Braves,P,0.7,72,230,-0.47355457553449537,31.19020061728395
Joe Kelly,9761,Red Sox,P,0.7,73,190,-0.47355457553449537,25.064740101332333
Andrew Knapp,14942,Phillies,C,0.7,73,195,-0.47355457553449537,25.724338525051603
Jacob Barnes,12323,Brewers,P,0.7,74,220,-0.47355457553449537,28.243243243243242
Andrew Chafin,12988,Diamondbacks,P,0.7,74,225,-0.47355457553449537,28.885135135135137
Ricky Nolasco,3830,Angels,P,0.7,74,235,-0.47355457553449537,30.16891891891892
Keon Broxton,9253,Brewers,CF,0.7,75,195,-0.47355457553449537,24.370666666666665
Ross Stripling,13273,Dodgers,P,0.7,75,210,-0.47355457553449537,26.245333333333335
Tyler Duffey,13758,Twins,P,0.7,75,220,-0.47355457553449537,27.49511111111111
Robert Gsellman,13696,Mets,P,0.7,76,205,-0.47355457553449537,24.950657894736842
Hunter Pence,8252,Giants,RF,0.7,76,220,-0.47355457553449537,26.776315789473685
Chase Whitley,10982,Rays,P,0.7,76,220,-0.47355457553449537,26.776315789473685
Andrew Triggs,13533,Athletics,P,0.7,76,220,-0.47355457553449537,26.776315789473685
Homer Bailey,8362,Reds,P,0.7,76,225,-0.47355457553449537,27.38486842105263
Blake Wood,1345,- - -,P,0.7,77,233,-0.47355457553449537,27.62674987350312
Scott Feldman,6283,Reds,P,0.7,78,225,-0.47355457553449537,25.99852071005917
Ronald Torreyes,11400,Yankees,2B/SS,0.6,68,151,-0.5357064064771286,22.95696366782007
Matt Bush,1246,Rangers,P,0.6,69,180,-0.5357064064771286,26.578449905482042
Austin Pruitt,15290,Rays,P,0.6,70,180,-0.5357064064771286,25.824489795918367
Aaron Loup,10343,Blue Jays,P,0.6,71,210,-0.5357064064771286,29.28585598095616
Bartolo Colon,375,- - -,P,0.6,71,285,-0.5357064064771286,39.74509025986907
Bud Norris,9492,Angels,P,0.6,72,215,-0.5357064064771286,29.156057098765434
Paul Blackburn,14739,Athletics,P,0.6,73,195,-0.5357064064771286,25.724338525051603
Austin Hedges,12976,Padres,C,0.6,73,206,-0.5357064064771286,27.175455057234004
Hernan Perez,5751,Brewers,LF,0.6,73,215,-0.5357064064771286,28.36273221992869
Joc Pederson,11899,Dodgers,CF,0.6,73,220,-0.5357064064771286,29.022330643647965
Eddie Butler,13453,Cubs,P,0.6,74,180,-0.5357064064771286,23.10810810810811
David Phelps,6316,- - -,P,0.6,74,200,-0.5357064064771286,25.675675675675677
Gregory Infante,9119,White Sox,P,0.6,74,215,-0.5357064064771286,27.60135135135135
Chris Stratton,13761,Giants,P,0.6,75,190,-0.5357064064771286,23.74577777777778
Paul Sewald,13892,Mets,P,0.6,75,205,-0.5357064064771286,25.620444444444445
Michael Lorenzen,14843,Reds,P,0.6,75,215,-0.5357064064771286,26.87022222222222
Kyle Barraclough,13713,Marlins,P,0.6,75,225,-0.5357064064771286,28.12
Matt Belisle,1837,Twins,P,0.6,75,230,-0.5357064064771286,28.744888888888887
Carlos Rodon,16137,White Sox,P,0.6,75,235,-0.5357064064771286,29.369777777777777
Shane Greene,10756,Tigers,P,0.6,76,210,-0.5357064064771286,25.55921052631579
Oliver Drake,8823,- - -,P,0.6,76,215,-0.5357064064771286,26.167763157894736
Brandon Maurer,4878,- - -,P,0.6,77,230,-0.5357064064771286,27.271040647664023
Alex Presley,5305,Tigers,RF/CF,0.5,70,195,-0.5978582374197619,27.976530612244897
Gregor Blanco,3123,Diamondbacks,CF/LF,0.5,71,175,-0.5978582374197619,24.404879984130133
Roberto Perez,2900,Indians,C,0.5,71,220,-0.5978582374197619,30.68042055147788
Brian Goodwin,12858,Nationals,CF/LF,0.5,72,205,-0.5978582374197619,27.799961419753085
Anibal Sanchez,3284,Tigers,P,0.5,72,205,-0.5978582374197619,27.799961419753085
Robbie Grossman,5254,Twins,RF/DH,0.5,72,215,-0.5978582374197619,29.156057098765434
Alcides Escobar,6310,Royals,SS,0.5,73,185,-0.5978582374197619,24.40514167761306
Matt Andriese,12022,Rays,P,0.5,74,225,-0.5978582374197619,28.885135135135137
Seth Smith,7331,Orioles,RF,0.5,75,210,-0.5978582374197619,26.245333333333335
George Kontos,9486,- - -,P,0.5,75,215,-0.5978582374197619,26.87022222222222
Heath Hembree,11632,Red Sox,P,0.5,76,210,-0.5978582374197619,25.55921052631579
C.J. Cron,12546,Angels,1B,0.5,76,235,-0.5978582374197619,28.601973684210527
Gregory Polanco,12907,Pirates,RF,0.5,77,235,-0.5978582374197619,27.863889357395852
John Lackey,1507,Cubs,P,0.5,78,235,-0.5978582374197619,27.154010519395136
Jared Hughes,9325,Brewers,P,0.5,79,240,-0.5978582374197619,27.034129145970198
Nori Aoki,13075,- - -,RF/LF,0.4,69,180,-0.6600100683623951,26.578449905482042
Chris Owings,10030,Diamondbacks,SS,0.4,70,185,-0.6600100683623951,26.541836734693877
A.J. Ramos,8350,- - -,P,0.4,70,200,-0.6600100683623951,28.693877551020407
Kirby Yates,9073,- - -,P,0.4,70,210,-0.6600100683623951,30.12857142857143
Cliff Pennington,3395,Angels,2B,0.4,71,195,-0.6600100683623951,27.194009125173576
Matt Szczur,11255,- - -,LF,0.4,72,200,-0.6600100683623951,27.121913580246915
Alex Wilson,9239,Tigers,P,0.4,72,215,-0.6600100683623951,29.156057098765434
Wandy Peralta,14295,Reds,P,0.4,72,220,-0.6600100683623951,29.834104938271604
Tony Barnette,3555,Rangers,P,0.4,73,190,-0.6600100683623951,25.064740101332333
Gorkys Hernandez,4146,Giants,CF/LF,0.4,73,190,-0.6600100683623951,25.064740101332333
Nick Hundley,3376,Giants,C,0.4,73,205,-0.6600100683623951,27.043535372490147
Bruce Maxwell,13866,Athletics,C,0.4,73,250,-0.6600100683623951,32.9799211859636
Wilson Ramos,1433,Rays,C,0.4,73,255,-0.6600100683623951,33.639519609682864
Robert Stephenson,13594,Reds,P,0.4,74,200,-0.6600100683623951,25.675675675675677
Steven Matz,13361,Mets,P,0.4,74,200,-0.6600100683623951,25.675675675675677
Fernando Salas,4971,- - -,P,0.4,74,200,-0.6600100683623951,25.675675675675677
Taylor Rogers,13449,Twins,P,0.4,75,170,-0.6600100683623951,21.246222222222222
Caleb Joseph,7087,Orioles,C,0.4,75,180,-0.6600100683623951,22.496
Dan Otero,7385,Indians,P,0.4,75,205,-0.6600100683623951,25.620444444444445
Felix Hernandez,4772,Mariners,P,0.4,75,225,-0.6600100683623951,28.12
Zack Wheeler,10310,Mets,P,0.4,76,195,-0.6600100683623951,23.73355263157895
Nomar Mazara,14553,Rangers,RF/LF,0.4,76,215,-0.6600100683623951,26.167763157894736
Joe Ross,12972,Nationals,P,0.4,76,225,-0.6600100683623951,27.38486842105263
Kennys Vargas,12101,Twins,1B/DH,0.4,77,290,-0.6600100683623951,34.38522516444594
Zach McAllister,2895,Indians,P,0.4,78,240,-0.6600100683623951,27.731755424063117
Sandy Leon,5273,Red Sox,C,0.3,70,225,-0.7221618993050283,32.28061224489796
Sergio Romo,9817,- - -,P,0.3,71,185,-0.7221618993050283,25.799444554651856
Josh Fields,5070,Dodgers,P,0.3,72,195,-0.7221618993050283,26.44386574074074
Joey Rickard,13277,Orioles,RF/LF,0.3,73,185,-0.7221618993050283,24.40514167761306
Adam Morgan,12580,Phillies,P,0.3,73,200,-0.7221618993050283,26.383936948770877
Hunter Renfroe,15464,Padres,RF,0.3,73,220,-0.7221618993050283,29.022330643647965
Francis Martes,17303,Astros,P,0.3,73,225,-0.7221618993050283,29.681929067367236
Jesse Chavez,5448,Angels,P,0.3,74,175,-0.7221618993050283,22.466216216216218
Chad Pinder,15191,Athletics,RF,0.3,74,195,-0.7221618993050283,25.033783783783782
John Jaso,5887,Pirates,1B/RF,0.3,74,202,-0.7221618993050283,25.93243243243243
Peter Moylan,4891,Royals,P,0.3,74,225,-0.7221618993050283,28.885135135135137
Matt Shoemaker,4776,Angels,P,0.3,74,225,-0.7221618993050283,28.885135135135137
James Pazos,13323,Mariners,P,0.3,74,235,-0.7221618993050283,30.16891891891892
Kelby Tomlinson,13005,Giants,2B/3B,0.3,75,180,-0.7221618993050283,22.496
Cory Gearrin,7947,Giants,P,0.3,75,200,-0.7221618993050283,24.995555555555555
Ben Zobrist,7435,Cubs,2B,0.3,75,210,-0.7221618993050283,26.245333333333335
Enny Romero,4001,Nationals,P,0.3,75,215,-0.7221618993050283,26.87022222222222
Jarlin Garcia,18282,Marlins,P,0.3,75,215,-0.7221618993050283,26.87022222222222
Hector Rondon,2391,Cubs,P,0.3,75,230,-0.7221618993050283,28.744888888888887
Matt Cain,4732,Giants,P,0.3,75,230,-0.7221618993050283,28.744888888888887
Matt Grace,11449,Nationals,P,0.3,76,215,-0.7221618993050283,26.167763157894736
Trevor Cahill,6249,- - -,P,0.3,76,240,-0.7221618993050283,29.210526315789473
Daniel Coulombe,13293,Athletics,P,0.2,70,190,-0.7843137302476616,27.259183673469387
Mark Leiter,15551,Phillies,P,0.2,72,195,-0.7843137302476616,26.44386574074074
Mike Dunn,9948,Rockies,P,0.2,72,215,-0.7843137302476616,29.156057098765434
Pedro Baez,5420,Dodgers,P,0.2,72,230,-0.7843137302476616,31.19020061728395
Tim Anderson,15172,White Sox,SS,0.2,73,185,-0.7843137302476616,24.40514167761306
Jeremy Hellickson,4371,- - -,P,0.2,73,190,-0.7843137302476616,25.064740101332333
Danny Barnes,11388,Blue Jays,P,0.2,73,195,-0.7843137302476616,25.724338525051603
Aledmys Diaz,15937,Cardinals,SS,0.2,73,195,-0.7843137302476616,25.724338525051603
Chris Hatcher,3299,- - -,P,0.2,73,200,-0.7843137302476616,26.383936948770877
Keynan Middleton,15264,Angels,P,0.2,74,185,-0.7843137302476616,23.75
Jose Urena,11589,Marlins,P,0.2,74,200,-0.7843137302476616,25.675675675675677
Luke Sims,13470,Braves,P,0.2,74,220,-0.7843137302476616,28.243243243243242
Tyler Clippard,5640,- - -,P,0.2,75,200,-0.7843137302476616,24.995555555555555
Stephen Piscotty,13367,Cardinals,RF,0.2,75,210,-0.7843137302476616,26.245333333333335
Richard Bleier,7803,Orioles,P,0.2,75,215,-0.7843137302476616,26.87022222222222
T.J. McFarland,3237,Diamondbacks,P,0.2,75,220,-0.7843137302476616,27.49511111111111
Chris Davis,9272,Orioles,1B,0.2,75,230,-0.7843137302476616,28.744888888888887
Kevan Smith,12284,White Sox,C,0.2,76,230,-0.7843137302476616,27.99342105263158
Alec Asher,13560,Orioles,P,0.2,76,230,-0.7843137302476616,27.99342105263158
Asher Wojciechowski,10836,Reds,P,0.2,76,235,-0.7843137302476616,28.601973684210527
Joaquin Benoit,1437,- - -,P,0.2,76,250,-0.7843137302476616,30.42763157894737
Ryon Healy,15447,Athletics,1B/DH,0.2,77,225,-0.7843137302476616,26.678191937932198
Jim Johnson,3656,Braves,P,0.2,78,250,-0.7843137302476616,28.887245233399078
Daniel Descalso,8392,Diamondbacks,2B/LF,0.1,70,190,-0.8464655611902947,27.259183673469387
Kelvin Herrera,6033,Royals,P,0.1,70,200,-0.8464655611902947,28.693877551020407
Seung Hwan Oh,18719,Cardinals,P,0.1,70,205,-0.8464655611902947,29.41122448979592
Daniel Robertson,14145,Rays,2B/SS,0.1,71,200,-0.8464655611902947,27.891291410434437
Santiago Casilla,2873,Athletics,P,0.1,72,210,-0.8464655611902947,28.47800925925926
Peter Bourjos,2578,Rays,CF/LF,0.1,73,175,-0.8464655611902947,23.085944830174515
John Brebbia,12777,Cardinals,P,0.1,73,185,-0.8464655611902947,24.40514167761306
Dansby Swanson,18314,Braves,SS,0.1,73,190,-0.8464655611902947,25.064740101332333
Jake Odorizzi,6397,Rays,P,0.1,74,190,-0.8464655611902947,24.39189189189189
Ariel Miranda,17526,Mariners,P,0.1,74,190,-0.8464655611902947,24.39189189189189
Mike Fiers,7754,Astros,P,0.1,74,200,-0.8464655611902947,25.675675675675677
Luke Jackson,11752,Braves,P,0.1,74,210,-0.8464655611902947,26.95945945945946
Vance Worley,6435,Marlins,P,0.1,74,250,-0.8464655611902947,32.0945945945946
Vince Velasquez,11189,Phillies,P,0.1,75,205,-0.8464655611902947,25.620444444444445
Wade LeBlanc,5221,Pirates,P,0.1,75,205,-0.8464655611902947,25.620444444444445
Ryan Pressly,7005,Twins,P,0.1,75,210,-0.8464655611902947,26.245333333333335
Daniel Hudson,7146,Pirates,P,0.1,75,225,-0.8464655611902947,28.12
Tony Watson,3132,- - -,P,0.1,76,225,-0.8464655611902947,27.38486842105263
Ryan Buchter,9456,- - -,P,0.1,76,258,-0.8464655611902947,31.401315789473685
Ubaldo Jimenez,3374,Orioles,P,0.1,77,210,-0.8464655611902947,24.899645808736718
A.J. Cole,11467,Nationals,P,0.1,77,215,-0.8464655611902947,25.492494518468543
Phil Hughes,7450,Twins,P,0.1,77,240,-0.8464655611902947,28.456738067127677
Ben Revere,4712,Angels,LF,0,69,175,-0.908617392132928,25.84015963032976
Guillermo Heredia,18721,Mariners,CF/LF,0,70,180,-0.908617392132928,25.824489795918367
Rajai Davis,3708,- - -,CF,0,70,195,-0.908617392132928,27.976530612244897
Melky Cabrera,4022,- - -,RF/LF,0,70,210,-0.908617392132928,30.12857142857143
Jharel Cotton,13654,Athletics,P,0,71,195,-0.908617392132928,27.194009125173576
Steve Pearce,9957,Blue Jays,LF,0,71,200,-0.908617392132928,27.891291410434437
Hyun Soo Kim,18718,- - -,LF,-1.1,74,210,-1.5922875325018937,26.95945945945946
Adrian Gonzalez,1908,Dodgers,1B,-1.1,74,215,-1.5922875325018937,27.60135135135135
Tyler Saladino,10807,White Sox,2B/3B,-1.2,72,200,-1.6544393634445271,27.121913580246915
Trevor Plouffe,7462,- - -,3B,-1.2,74,215,-1.6544393634445271,27.60135135135135
Chris Beck,13418,White Sox,P,-1.2,75,225,-1.6544393634445271,28.12
Mark Trumbo,6876,Orioles,DH,-1.2,76,225,-1.6544393634445271,27.38486842105263
Amir Garrett,14375,Reds,P,-1.2,77,228,-1.6544393634445271,27.033901163771294
Albert Pujols,1177,Angels,DH,-2,75,240,-2.151654010985593,29.994666666666667
Dylan Covey,14825,White Sox,P,-1.1,74,195,-1.5922875325018937,25.033783783783782
Victor Martinez,393,Tigers,DH,-1.1,74,210,-1.5922875325018937,26.95945945945946